run,episode_id,step,pre_goal_distance_m,post_goal_distance_m,retry_count,final_parse_error,attempts_json,logged_v2_verdict,v2_reason,v2_blockers_json,relation_required,relation_satisfied,relation_missing_json,relation_unresolved,route_index,route_total,current_action,missing_evidence_json,route_complete,terminal_confirmed,goal_complete,target_direction,local_surface_depth_m,distance_satisfied,route_maturity_satisfied,instance_key,instance_streak,instance_reason,stop_outcome,terminal_recheck_hold,terminal_recheck_used,recheck_original_distance_m,action_code,candidate_id,command_distance_m,command_angle_rad,actual_displacement_m,prior_override,prior_gap,source_nav,evidence_line,command_line
instruction_two_stage_ep10_20260908_132650,244,1,,6.1225128173828125,,,null,uncertain,"Visual evidence has an allow candidate, but conservative STOP allow rules blocked it: before_min_steps:1<3, generic_final_terms:doorway.","[""before_min_steps:1<3"", ""generic_final_terms:doorway""]",,,null,,0,3,Go through the door,"[""verifier_not_implemented:cross""]",False,False,False,1,1.9564368426799774,True,True,244:terminal-instance:1,1,new_spatial_track,,,,,4,3,2.5,1.0995569229125977,0.9302688724418695,True,0.21084391433715208,/root/My-Experiment/logs/navigation_records/ep10/20260908/instruction_two_stage_ep10_20260908_132650_train_navigation_20260908_132707.jsonl,34,55
instruction_two_stage_ep10_20260908_132650,244,2,6.1225128173828125,5.818793773651123,,,null,reject,"Visual evidence does not support STOP: final_target_visible=False, arrival_evidence=False, missing=[]",[],,,null,,0,3,Go through the door,"[""verifier_not_implemented:cross""]",False,False,False,,,False,True,,0,insufficient_instance_geometry,,,,,4,10,1.0,4.921828269958496,1.003039060313887,True,0.15193263033376245,/root/My-Experiment/logs/navigation_records/ep10/20260908/instruction_two_stage_ep10_20260908_132650_train_navigation_20260908_132707.jsonl,93,113
instruction_two_stage_ep10_20260908_132650,244,3,5.818793773651123,4.319491386413574,,,null,uncertain,"Visual evidence has an allow candidate, but conservative STOP allow rules blocked it: generic_final_terms:doorway.","[""generic_final_terms:doorway""]",,,null,,0,3,Go through the door,"[""verifier_not_implemented:cross""]",False,False,False,3,0.9545936435461045,True,True,244:terminal-instance:2,1,new_spatial_track,,,,,4,4,1.5,1.675516128540039,1.5000006014723726,True,0.03526690955671036,/root/My-Experiment/logs/navigation_records/ep10/20260908/instruction_two_stage_ep10_20260908_132650_train_navigation_20260908_132707.jsonl,151,171
instruction_two_stage_ep10_20260908_132650,244,4,4.319491386413574,2.93601131439209,,JSONDecodeError: Expecting value: line 1 column 1 (char 0),null,uncertain,Visual evidence is insufficient to verify the STOP proposal.,[],,,null,,0,3,Go through the door,"[""verifier_not_implemented:cross""]",False,False,False,,,False,True,,0,insufficient_instance_geometry,,,,,4,1,1.5,0.31415891647338867,1.478042902785008,False,,/root/My-Experiment/logs/navigation_records/ep10/20260908/instruction_two_stage_ep10_20260908_132650_train_navigation_20260908_132707.jsonl,209,229
instruction_two_stage_ep10_20260908_132650,244,5,2.93601131439209,2.395702362060547,,JSONDecodeError: Expecting value: line 1 column 1 (char 0),null,uncertain,Visual evidence is insufficient to verify the STOP proposal.,[],,,null,,0,3,Go through the door,"[""verifier_not_implemented:cross""]",False,False,False,,,False,True,,0,insufficient_instance_geometry,,,,,4,0,1.5,5.864306449890137,1.4999998395864529,True,0.11753065927257023,/root/My-Experiment/logs/navigation_records/ep10/20260908/instruction_two_stage_ep10_20260908_132650_train_navigation_20260908_132707.jsonl,267,287
instruction_two_stage_ep10_20260908_132650,244,6,2.395702362060547,2.3251216411590576,,,null,uncertain,"Visual evidence has an allow candidate, but conservative STOP allow rules blocked it: generic_final_terms:doorway.","[""generic_final_terms:doorway""]",,,null,,0,3,Go through the door,"[""verifier_not_implemented:cross""]",False,False,False,0,1.1008161902427676,True,True,244:terminal-instance:3,1,new_spatial_track,,,,,4,5,1.75,2.6179935932159424,1.749999450962073,True,0.07322205318778816,/root/My-Experiment/logs/navigation_records/ep10/20260908/instruction_two_stage_ep10_20260908_132650_train_navigation_20260908_132707.jsonl,325,345
instruction_two_stage_ep10_20260908_132650,244,7,2.3251216411590576,2.14394474029541,,,null,reject,"Visual evidence does not support STOP: final_target_visible=True, arrival_evidence=False, missing=[]",[],,,null,,0,3,Go through the door,"[""verifier_not_implemented:cross""]",False,False,False,6,2.1245155334472656,True,True,,0,insufficient_instance_geometry,,,,,4,7,1.75,3.2986721992492676,1.749999841222504,True,0.003137216232080242,/root/My-Experiment/logs/navigation_records/ep10/20260908/instruction_two_stage_ep10_20260908_132650_train_navigation_20260908_132707.jsonl,383,404
instruction_two_stage_ep10_20260908_132650,244,8,2.14394474029541,1.9503529071807861,,,null,uncertain,"Visual evidence has an allow candidate, but conservative STOP allow rules blocked it: generic_final_terms:doorway.","[""generic_final_terms:doorway""]",,,null,,0,3,Go through the door,"[""verifier_not_implemented:cross""]",False,False,False,0,0.9959245473146439,True,True,244:terminal-instance:4,1,new_spatial_track,,,,,4,6,1.75,2.879793167114258,1.74999952857192,True,0.2309874283057209,/root/My-Experiment/logs/navigation_records/ep10/20260908/instruction_two_stage_ep10_20260908_132650_train_navigation_20260908_132707.jsonl,441,461
instruction_two_stage_ep10_20260908_132650,244,9,1.9503529071807861,3.2385942935943604,,,null,reject,"Visual evidence does not support STOP: final_target_visible=True, arrival_evidence=False, missing=[]",[],,,null,,0,3,Go through the door,"[""verifier_not_implemented:cross""]",False,False,False,6,2.1423388719558716,True,True,,0,insufficient_instance_geometry,,,,,4,4,1.5,1.8325953483581543,1.4999995510912016,False,,/root/My-Experiment/logs/navigation_records/ep10/20260908/instruction_two_stage_ep10_20260908_132650_train_navigation_20260908_132707.jsonl,498,517
instruction_two_stage_ep10_20260908_132650,244,10,3.2385942935943604,1.782256841659546,,,null,uncertain,"Visual evidence has an allow candidate, but conservative STOP allow rules blocked it: generic_final_terms:doorway.","[""generic_final_terms:doorway""]",,,null,,0,3,Go through the door,"[""verifier_not_implemented:cross""]",False,False,False,3,2.196337729692459,True,True,244:terminal-instance:5,1,new_spatial_track,,,,,4,5,1.75,2.4085543155670166,1.7499994514686528,True,0.03733951503421795,/root/My-Experiment/logs/navigation_records/ep10/20260908/instruction_two_stage_ep10_20260908_132650_train_navigation_20260908_132707.jsonl,554,575
instruction_two_stage_ep10_20260908_132650,218,1,,7.5492658615112305,,JSONDecodeError: Expecting value: line 1 column 1 (char 0),null,uncertain,Visual evidence is insufficient to verify the STOP proposal.,[],,,null,,0,4,Leave the bedroom,"[""effective_movement_missing""]",False,False,False,,,False,True,,0,insufficient_instance_geometry,,,,,4,9,1.25,4.5029497146606445,1.2499995346575177,True,0.11088270573833836,/root/My-Experiment/logs/navigation_records/ep10/20260908/instruction_two_stage_ep10_20260908_132650_train_navigation_20260908_132707.jsonl,621,641
instruction_two_stage_ep10_20260908_132650,218,2,7.5492658615112305,8.29138469696045,,JSONDecodeError: Expecting value: line 1 column 1 (char 0),null,uncertain,Visual evidence is insufficient to verify the STOP proposal.,[],,,null,,0,4,Leave the bedroom,"[""exit_state_transition_missing""]",False,False,False,,,False,True,,0,insufficient_instance_geometry,,,,,4,0,1.0,6.0737457275390625,0.7523795800018211,True,0.04320677797973965,/root/My-Experiment/logs/navigation_records/ep10/20260908/instruction_two_stage_ep10_20260908_132650_train_navigation_20260908_132707.jsonl,678,698
instruction_two_stage_ep10_20260908_132650,218,3,8.29138469696045,8.549818992614746,,,null,allow,Visual evidence supports final target visibility and arrival with confidence 0.90.,[],,,null,,0,4,Leave the bedroom,"[""exit_state_transition_missing""]",False,False,False,6,0.8833652436733247,True,True,218:terminal-instance:1,1,new_spatial_track,,,,,4,10,0.75,4.817108631134033,0.6018069548350666,True,0.04011384075840252,/root/My-Experiment/logs/navigation_records/ep10/20260908/instruction_two_stage_ep10_20260908_132650_train_navigation_20260908_132707.jsonl,735,756
instruction_two_stage_ep10_20260908_132650,218,4,8.549818992614746,8.549818992614746,,,null,allow,Visual evidence supports final target visibility and arrival with confidence 0.95.,[],,,null,,0,4,Leave the bedroom,"[""room_state_unobserved""]",False,True,False,9,1.2935331463813782,True,True,218:terminal-instance:1,2,matched_terminal_track,,,,,4,0,1.0,6.0737457275390625,0.0,True,0.0955584232835584,/root/My-Experiment/logs/navigation_records/ep10/20260908/instruction_two_stage_ep10_20260908_132650_train_navigation_20260908_132707.jsonl,793,813
instruction_two_stage_ep10_20260908_132650,218,5,8.549818992614746,7.353854179382324,,,null,allow,Visual evidence supports final target visibility and arrival with confidence 0.95.,[],,,null,,0,4,Leave the bedroom,"[""effective_movement_missing""]",False,True,False,9,1.2248911708593369,True,True,218:terminal-instance:1,3,matched_terminal_track,,,,,4,9,1.25,4.5029497146606445,1.2499990947705006,False,,/root/My-Experiment/logs/navigation_records/ep10/20260908/instruction_two_stage_ep10_20260908_132650_train_navigation_20260908_132707.jsonl,850,869
instruction_two_stage_ep10_20260908_132650,218,6,7.353854179382324,6.4095635414123535,,JSONDecodeError: Expecting value: line 1 column 1 (char 0),null,uncertain,Visual evidence is insufficient to verify the STOP proposal.,[],,,null,,0,4,Leave the bedroom,"[""exit_state_transition_missing""]",False,False,False,,,False,True,,0,insufficient_instance_geometry,,,,,4,0,1.5,5.864306449890137,1.5000008045342499,True,0.09490553625179815,/root/My-Experiment/logs/navigation_records/ep10/20260908/instruction_two_stage_ep10_20260908_132650_train_navigation_20260908_132707.jsonl,906,933
instruction_two_stage_ep10_20260908_132650,218,7,6.4095635414123535,5.223273277282715,,,null,reject,"Visual evidence does not support STOP: final_target_visible=False, arrival_evidence=False, missing=['doorway to the room']",[],,,null,,0,4,Leave the bedroom,"[""room_observations_not_comparable""]",False,False,False,,,False,True,,0,insufficient_instance_geometry,,,,,4,9,1.25,4.607669353485107,1.2500014413123712,False,,/root/My-Experiment/logs/navigation_records/ep10/20260908/instruction_two_stage_ep10_20260908_132650_train_navigation_20260908_132707.jsonl,970,989
instruction_two_stage_ep10_20260908_132650,218,8,5.223273277282715,5.745336532592773,,JSONDecodeError: Expecting value: line 1 column 1 (char 0),null,uncertain,Visual evidence is insufficient to verify the STOP proposal.,[],,,null,,0,4,Leave the bedroom,"[""room_observations_not_comparable""]",False,False,False,,,False,True,,0,insufficient_instance_geometry,,,,,4,11,1.25,5.2883477210998535,1.2500002742490024,True,0.12540168334791485,/root/My-Experiment/logs/navigation_records/ep10/20260908/instruction_two_stage_ep10_20260908_132650_train_navigation_20260908_132707.jsonl,1026,1046
instruction_two_stage_ep10_20260908_132650,218,9,5.745336532592773,6.874413013458252,,JSONDecodeError: Expecting value: line 1 column 1 (char 0),null,uncertain,Visual evidence is insufficient to verify the STOP proposal.,[],,,null,,0,4,Leave the bedroom,"[""exit_state_transition_missing""]",False,False,False,,,False,True,,0,insufficient_instance_geometry,,,,,4,1,1.25,0.26179933547973633,1.2499998029203967,False,,/root/My-Experiment/logs/navigation_records/ep10/20260908/instruction_two_stage_ep10_20260908_132650_train_navigation_20260908_132707.jsonl,1083,1103
instruction_two_stage_ep10_20260908_132650,218,10,6.874413013458252,9.020262718200684,,JSONDecodeError: Expecting value: line 1 column 1 (char 0),null,uncertain,Visual evidence is insufficient to verify the STOP proposal.,[],,,null,,1,4,take a left in the hallway,[],False,False,False,,,False,True,,0,insufficient_instance_geometry,,,,,4,11,2.25,5.4977874755859375,2.2499984868125678,True,0.14827636033106703,/root/My-Experiment/logs/navigation_records/ep10/20260908/instruction_two_stage_ep10_20260908_132650_train_navigation_20260908_132707.jsonl,1140,1160
instruction_two_stage_ep10_20260908_132650,226,1,,9.68908405303955,,JSONDecodeError: Expecting value: line 1 column 1 (char 0),null,uncertain,Visual evidence is insufficient to verify the STOP proposal.,[],,,null,,0,5,Leave the bedroom,"[""effective_movement_missing""]",False,False,False,,,False,True,,0,insufficient_instance_geometry,,,,,4,11,2.25,5.445427417755127,2.249998819959666,True,0.16653609846823825,/root/My-Experiment/logs/navigation_records/ep10/20260908/instruction_two_stage_ep10_20260908_132650_train_navigation_20260908_132707.jsonl,1206,1226
instruction_two_stage_ep10_20260908_132650,226,2,9.68908405303955,8.31788158416748,,,null,uncertain,"Visual evidence has an allow candidate, but conservative STOP allow rules blocked it: before_min_steps:2<3.","[""before_min_steps:2<3""]",,,null,,0,5,Leave the bedroom,"[""exit_state_transition_missing""]",False,False,False,6,1.9814046025276184,True,True,226:terminal-instance:1,1,new_spatial_track,,,,,4,6,1.5,3.0892324447631836,1.4999995764147211,True,0.022875870164343948,/root/My-Experiment/logs/navigation_records/ep10/20260908/instruction_two_stage_ep10_20260908_132650_train_navigation_20260908_132707.jsonl,1263,1284
instruction_two_stage_ep10_20260908_132650,226,3,8.31788158416748,6.818032264709473,,,null,reject,"Visual evidence does not support STOP: final_target_visible=False, arrival_evidence=False, missing=[]",[],,,null,,0,5,Leave the bedroom,"[""exit_state_transition_missing""]",False,False,False,,,False,True,,0,insufficient_instance_geometry,,,,,4,1,1.5,0.5235986709594727,1.5000007610452215,False,,/root/My-Experiment/logs/navigation_records/ep10/20260908/instruction_two_stage_ep10_20260908_132650_train_navigation_20260908_132707.jsonl,1321,1340
instruction_two_stage_ep10_20260908_132650,226,4,6.818032264709473,8.784624099731445,,JSONDecodeError: Expecting value: line 1 column 1 (char 0),null,uncertain,Visual evidence is insufficient to verify the STOP proposal.,[],,,null,,0,5,Leave the bedroom,"[""exit_state_transition_missing""]",False,False,False,,,False,True,,0,insufficient_instance_geometry,,,,,4,6,2.0,2.8274333477020264,2.000001817034333,True,0.05205459656480638,/root/My-Experiment/logs/navigation_records/ep10/20260908/instruction_two_stage_ep10_20260908_132650_train_navigation_20260908_132707.jsonl,1377,1397
instruction_two_stage_ep10_20260908_132650,226,5,8.784624099731445,10.487841606140137,,,null,reject,"Visual evidence does not support STOP: final_target_visible=False, arrival_evidence=False, missing=[]",[],,,null,,0,5,Leave the bedroom,"[""exit_state_transition_missing""]",False,False,False,,,False,True,,0,insufficient_instance_geometry,,,,,4,0,1.75,6.02138614654541,1.749997814105755,True,0.16187875217316305,/root/My-Experiment/logs/navigation_records/ep10/20260908/instruction_two_stage_ep10_20260908_132650_train_navigation_20260908_132707.jsonl,1434,1454
instruction_two_stage_ep10_20260908_132650,226,6,10.487841606140137,8.24804973602295,,JSONDecodeError: Expecting value: line 1 column 1 (char 0),null,uncertain,Visual evidence is insufficient to verify the STOP proposal.,[],,,null,,0,5,Leave the bedroom,"[""exit_state_transition_missing""]",False,False,False,,,False,True,,0,insufficient_instance_geometry,,,,,4,7,2.25,3.246312379837036,2.2499986064590534,True,0.12347733801875915,/root/My-Experiment/logs/navigation_records/ep10/20260908/instruction_two_stage_ep10_20260908_132650_train_navigation_20260908_132707.jsonl,1491,1511
instruction_two_stage_ep10_20260908_132650,226,7,8.24804973602295,10.085043907165527,,,null,allow,Visual evidence supports final target visibility and arrival with confidence 0.95.,[],,,null,,1,5,take a right in the hall,[],False,False,False,10,1.412537395954132,True,True,226:terminal-instance:2,1,new_spatial_track,,,,,4,8,2.0,3.9269907474517822,2.0000000979528045,False,,/root/My-Experiment/logs/navigation_records/ep10/20260908/instruction_two_stage_ep10_20260908_132650_train_navigation_20260908_132707.jsonl,1548,1568
instruction_two_stage_ep10_20260908_132650,226,8,10.085043907165527,8.08517074584961,,JSONDecodeError: Expecting value: line 1 column 1 (char 0),null,uncertain,Visual evidence is insufficient to verify the STOP proposal.,[],,,null,,1,5,take a right in the hall,"[""required_turn_not_reached""]",False,False,False,,,False,True,,0,insufficient_instance_geometry,,,,,4,6,2.0,2.8274333477020264,1.9999989050014038,False,,/root/My-Experiment/logs/navigation_records/ep10/20260908/instruction_two_stage_ep10_20260908_132650_train_navigation_20260908_132707.jsonl,1605,1624
instruction_two_stage_ep10_20260908_132650,226,9,8.08517074584961,6.904796600341797,,,null,reject,"Visual evidence does not support STOP: final_target_visible=False, arrival_evidence=False, missing=['doorway to the bedroom']",[],,,null,,1,5,take a right in the hall,"[""required_turn_not_reached""]",False,False,False,,,False,True,,0,insufficient_instance_geometry,,,,,4,1,1.25,0.26179933547973633,1.2499998560899401,False,,/root/My-Experiment/logs/navigation_records/ep10/20260908/instruction_two_stage_ep10_20260908_132650_train_navigation_20260908_132707.jsonl,1661,1686
instruction_two_stage_ep10_20260908_132650,226,10,6.904796600341797,8.796189308166504,,JSONDecodeError: Expecting value: line 1 column 1 (char 0),null,uncertain,Visual evidence is insufficient to verify the STOP proposal.,[],,,null,,2,5,walk straight,[],False,False,False,,,False,True,,0,insufficient_instance_geometry,,,,,4,7,2.0,3.1939523220062256,1.9999999787539229,True,0.13900199759196133,/root/My-Experiment/logs/navigation_records/ep10/20260908/instruction_two_stage_ep10_20260908_132650_train_navigation_20260908_132707.jsonl,1723,1744
instruction_two_stage_ep10_20260908_132650,371,1,,7.804422378540039,,,null,uncertain,"Visual evidence has an allow candidate, but conservative STOP allow rules blocked it: before_min_steps:1<3.","[""before_min_steps:1<3""]",,,null,,0,2,Walk through the dining room and kitchen air to the short flight of stairs,"[""verifier_not_implemented:traverse""]",False,False,False,10,1.1813112497329712,True,True,371:terminal-instance:1,1,new_spatial_track,,,,,4,10,1.5,5.235987663269043,1.500002149937566,True,0.07204434482512848,/root/My-Experiment/logs/navigation_records/ep10/20260908/instruction_two_stage_ep10_20260908_132650_train_navigation_20260908_132707.jsonl,1790,1811
instruction_two_stage_ep10_20260908_132650,371,2,7.804422378540039,6.81700325012207,,,null,reject,"Visual evidence does not support STOP: final_target_visible=True, arrival_evidence=False, missing=[]",[],,,null,,0,2,Walk through the dining room and kitchen air to the short flight of stairs,"[""verifier_not_implemented:traverse""]",False,False,False,11,2.4118882715702057,True,True,,0,insufficient_instance_geometry,,,,,4,11,1.75,5.707226753234863,1.7499973676247838,True,0.2438589741614179,/root/My-Experiment/logs/navigation_records/ep10/20260908/instruction_two_stage_ep10_20260908_132650_train_navigation_20260908_132707.jsonl,1848,1868
instruction_two_stage_ep10_20260908_132650,371,3,6.81700325012207,8.709724426269531,,,null,reject,"Visual evidence does not support STOP: final_target_visible=False, arrival_evidence=False, missing=['door at the top of the stairs']",[],,,null,,0,2,Walk through the dining room and kitchen air to the short flight of stairs,"[""verifier_not_implemented:traverse""]",False,False,False,,,False,True,,0,insufficient_instance_geometry,,,,,4,10,2.0,5.235987663269043,2.000000119942844,True,0.1586783549661492,/root/My-Experiment/logs/navigation_records/ep10/20260908/instruction_two_stage_ep10_20260908_132650_train_navigation_20260908_132707.jsonl,1905,1925
instruction_two_stage_ep10_20260908_132650,371,4,8.709724426269531,10.074445724487305,,JSONDecodeError: Expecting value: line 1 column 1 (char 0),null,uncertain,Visual evidence is insufficient to verify the STOP proposal.,[],,,null,,0,2,Walk through the dining room and kitchen air to the short flight of stairs,"[""verifier_not_implemented:traverse""]",False,False,False,,,False,True,,0,insufficient_instance_geometry,,,,,4,11,1.5,5.55014705657959,1.5000001253417796,True,0.0639130770374684,/root/My-Experiment/logs/navigation_records/ep10/20260908/instruction_two_stage_ep10_20260908_132650_train_navigation_20260908_132707.jsonl,1962,1982
instruction_two_stage_ep10_20260908_132650,371,5,10.074445724487305,11.647407531738281,,,null,allow,Visual evidence supports final target visibility and arrival with confidence 0.90.,[],,,null,,0,2,Walk through the dining room and kitchen air to the short flight of stairs,"[""verifier_not_implemented:traverse""]",False,False,False,10,1.1493013054132462,True,True,371:terminal-instance:2,1,new_spatial_track,,,,,4,10,1.75,5.183628082275391,1.7500016005288401,True,0.19181271265695884,/root/My-Experiment/logs/navigation_records/ep10/20260908/instruction_two_stage_ep10_20260908_132650_train_navigation_20260908_132707.jsonl,2019,2040
instruction_two_stage_ep10_20260908_132650,371,6,11.647407531738281,10.2278470993042,,,null,allow,Visual evidence supports final target visibility and arrival with confidence 0.90.,[],,,null,,0,2,Walk through the dining room and kitchen air to the short flight of stairs,"[""verifier_not_implemented:traverse""]",False,True,False,1,0.9281940013170242,True,True,371:terminal-instance:2,2,matched_terminal_track,,,,,4,10,1.75,5.183628082275391,1.7500004933863191,True,0.06117967254355661,/root/My-Experiment/logs/navigation_records/ep10/20260908/instruction_two_stage_ep10_20260908_132650_train_navigation_20260908_132707.jsonl,2077,2097
instruction_two_stage_ep10_20260908_132650,371,7,10.2278470993042,8.94023323059082,,JSONDecodeError: Expecting value: line 1 column 1 (char 0),null,uncertain,Visual evidence is insufficient to verify the STOP proposal.,[],,,null,,0,2,Walk through the dining room and kitchen air to the short flight of stairs,"[""verifier_not_implemented:traverse""]",False,False,False,,,False,True,,0,insufficient_instance_geometry,,,,,4,0,1.5,5.759586811065674,1.4999995282683594,False,,/root/My-Experiment/logs/navigation_records/ep10/20260908/instruction_two_stage_ep10_20260908_132650_train_navigation_20260908_132707.jsonl,2134,2153
instruction_two_stage_ep10_20260908_132650,371,8,8.94023323059082,8.973945617675781,,,null,allow,Visual evidence supports final target visibility and arrival with confidence 0.95.,[],,,null,,0,2,Walk through the dining room and kitchen air to the short flight of stairs,"[""verifier_not_implemented:traverse""]",False,False,False,11,0.9206031560897827,True,True,371:terminal-instance:3,1,new_spatial_track,,,,,4,1,1.5,0.3665189743041992,0.7804019219797105,True,0.10453428478672816,/root/My-Experiment/logs/navigation_records/ep10/20260908/instruction_two_stage_ep10_20260908_132650_train_navigation_20260908_132707.jsonl,2190,2217
instruction_two_stage_ep10_20260908_132650,371,9,8.973945617675781,9.872903823852539,,,null,allow,Visual evidence supports final target visibility and arrival with confidence 0.90.,[],,,null,,0,2,Walk through the dining room and kitchen air to the short flight of stairs,"[""verifier_not_implemented:traverse""]",False,True,False,1,0.1341435518115759,True,True,371:terminal-instance:3,2,matched_terminal_track,,,,,4,7,2.0,3.1939523220062256,1.9570789394319406,True,0.06304210240842312,/root/My-Experiment/logs/navigation_records/ep10/20260908/instruction_two_stage_ep10_20260908_132650_train_navigation_20260908_132707.jsonl,2254,2274
instruction_two_stage_ep10_20260908_132650,371,10,9.872903823852539,12.150912284851074,,,null,allow,Visual evidence supports final target visibility and arrival with confidence 0.90.,[],,,null,,0,2,Walk through the dining room and kitchen air to the short flight of stairs,"[""verifier_not_implemented:traverse""]",False,True,False,10,0.9758661687374115,True,True,371:terminal-instance:3,3,matched_terminal_track,,,,,4,0,1.5,5.916666507720947,1.4999996438297818,False,,/root/My-Experiment/logs/navigation_records/ep10/20260908/instruction_two_stage_ep10_20260908_132650_train_navigation_20260908_132707.jsonl,2311,2330
instruction_two_stage_ep10_20260908_132650,602,1,,8.530467987060547,,JSONDecodeError: Expecting value: line 1 column 1 (char 0),null,uncertain,Visual evidence is insufficient to verify the STOP proposal.,[],,,null,,0,4,Leave the bathroom and closet,"[""effective_movement_missing""]",False,False,False,,,False,True,,0,insufficient_instance_geometry,,,,,4,6,1.25,2.9845128059387207,1.24999932162875,False,,/root/My-Experiment/logs/navigation_records/ep10/20260908/instruction_two_stage_ep10_20260908_132650_train_navigation_20260908_132707.jsonl,2376,2395
instruction_two_stage_ep10_20260908_132650,602,2,8.530467987060547,7.437750816345215,,JSONDecodeError: Expecting value: line 1 column 1 (char 0),null,uncertain,Visual evidence is insufficient to verify the STOP proposal.,[],,,null,,0,4,Leave the bathroom and closet,"[""exit_state_transition_missing""]",False,False,False,,,False,True,,0,insufficient_instance_geometry,,,,,4,0,1.25,6.02138614654541,1.2500009392461944,False,,/root/My-Experiment/logs/navigation_records/ep10/20260908/instruction_two_stage_ep10_20260908_132650_train_navigation_20260908_132707.jsonl,2433,2452
instruction_two_stage_ep10_20260908_132650,602,3,7.437750816345215,5.2811102867126465,,,null,reject,"Visual evidence does not support STOP: final_target_visible=False, arrival_evidence=False, missing=[]",[],,,null,,0,4,Leave the bathroom and closet,"[""exit_state_transition_missing""]",False,False,False,,,False,True,,0,insufficient_instance_geometry,,,,,4,2,2.5,0.7330379486083984,2.493836225977909,True,0.22387572358813032,/root/My-Experiment/logs/navigation_records/ep10/20260908/instruction_two_stage_ep10_20260908_132650_train_navigation_20260908_132707.jsonl,2490,2510
instruction_two_stage_ep10_20260908_132650,602,4,5.2811102867126465,4.450333595275879,,,null,reject,"Visual evidence does not support STOP: final_target_visible=False, arrival_evidence=False, missing=[]",[],,,null,,0,4,Leave the bathroom and closet,"[""room_observations_not_comparable""]",False,False,False,,,False,True,,0,insufficient_instance_geometry,,,,,4,2,1.5,0.6283183097839355,1.4999999662006944,True,0.018515268586163702,/root/My-Experiment/logs/navigation_records/ep10/20260908/instruction_two_stage_ep10_20260908_132650_train_navigation_20260908_132707.jsonl,2548,2568
instruction_two_stage_ep10_20260908_132650,602,5,4.450333595275879,5.2811102867126465,,JSONDecodeError: Expecting value: line 1 column 1 (char 0),null,uncertain,Visual evidence is insufficient to verify the STOP proposal.,[],,,null,,0,4,Leave the bathroom and closet,"[""exit_state_transition_missing""]",False,False,False,,,False,True,,0,insufficient_instance_geometry,,,,,4,7,1.5,3.1415927410125732,1.4999999662006944,True,0.04810189372745763,/root/My-Experiment/logs/navigation_records/ep10/20260908/instruction_two_stage_ep10_20260908_132650_train_navigation_20260908_132707.jsonl,2606,2626
instruction_two_stage_ep10_20260908_132650,602,6,5.2811102867126465,4.779743194580078,,JSONDecodeError: Expecting value: line 1 column 1 (char 0),null,uncertain,Visual evidence is insufficient to verify the STOP proposal.,[],,,null,,0,4,Leave the bathroom and closet,"[""exit_state_transition_missing""]",False,False,False,,,False,True,,0,insufficient_instance_geometry,,,,,4,6,2.0,2.775073528289795,1.78886444315116,True,0.1254783239824794,/root/My-Experiment/logs/navigation_records/ep10/20260908/instruction_two_stage_ep10_20260908_132650_train_navigation_20260908_132707.jsonl,2664,2684
instruction_two_stage_ep10_20260908_132650,602,7,4.779743194580078,4.920365333557129,,,null,reject,"Visual evidence does not support STOP: final_target_visible=True, arrival_evidence=False, missing=[]",[],,,null,,0,4,Leave the bathroom and closet,"[""exit_state_transition_missing""]",False,False,False,3,1.5770264565944672,True,True,,0,insufficient_instance_geometry,,,,,4,7,1.5,3.1415927410125732,1.5000002298422586,False,,/root/My-Experiment/logs/navigation_records/ep10/20260908/instruction_two_stage_ep10_20260908_132650_train_navigation_20260908_132707.jsonl,2722,2742
instruction_two_stage_ep10_20260908_132650,602,8,4.920365333557129,5.305100440979004,,,null,reject,"Visual evidence does not support STOP: final_target_visible=False, arrival_evidence=False, missing=[]",[],,,null,,0,4,Leave the bathroom and closet,"[""exit_state_transition_missing""]",False,False,False,,,False,True,,0,insufficient_instance_geometry,,,,,4,6,2.0,2.879793167114258,1.9396897835032856,True,0.040344109741751594,/root/My-Experiment/logs/navigation_records/ep10/20260908/instruction_two_stage_ep10_20260908_132650_train_navigation_20260908_132707.jsonl,2779,2799
instruction_two_stage_ep10_20260908_132650,602,9,5.305100440979004,4.547368049621582,,,null,uncertain,"Visual evidence has an allow candidate, but conservative STOP allow rules blocked it: generic_final_terms:doorway.","[""generic_final_terms:doorway""]",,,null,,0,4,Leave the bathroom and closet,"[""exit_state_transition_missing""]",False,False,False,3,1.6325494647026062,True,True,602:terminal-instance:1,1,new_spatial_track,,,,,4,6,1.75,2.9845128059387207,1.749999497661334,False,,/root/My-Experiment/logs/navigation_records/ep10/20260908/instruction_two_stage_ep10_20260908_132650_train_navigation_20260908_132707.jsonl,2836,2855
instruction_two_stage_ep10_20260908_132650,602,10,4.547368049621582,5.589113712310791,,JSONDecodeError: Expecting value: line 1 column 1 (char 0),null,uncertain,Visual evidence is insufficient to verify the STOP proposal.,[],,,null,,0,4,Leave the bathroom and closet,"[""exit_state_transition_missing""]",False,False,False,,,False,True,,0,insufficient_instance_geometry,,,,,4,2,1.25,0.7330379486083984,1.249999980269996,False,,/root/My-Experiment/logs/navigation_records/ep10/20260908/instruction_two_stage_ep10_20260908_132650_train_navigation_20260908_132707.jsonl,2892,2912
instruction_two_stage_ep10_20260908_132650,1092,1,,6.96010160446167,,JSONDecodeError: Expecting value: line 1 column 1 (char 0),null,uncertain,Visual evidence is insufficient to verify the STOP proposal.,[],,,null,,0,3,Turn to face black door,"[""predicate_not_satisfied""]",False,False,False,,,False,True,,0,insufficient_instance_geometry,,,,,4,11,2.0,5.393067359924316,2.0085351851904023,True,0.1961235678296429,/root/My-Experiment/logs/navigation_records/ep10/20260908/instruction_two_stage_ep10_20260908_132650_train_navigation_20260908_132707.jsonl,2958,2978
instruction_two_stage_ep10_20260908_132650,1092,2,6.96010160446167,8.732511520385742,,,null,reject,"Visual evidence does not support STOP: final_target_visible=False, arrival_evidence=False, missing=['door on right']",[],,,null,,0,3,Turn to face black door,"[""predicate_not_satisfied""]",False,False,False,,,False,True,,0,insufficient_instance_geometry,,,,,4,2,2.0,0.7330379486083984,2.0017199134582784,True,0.1258297520135273,/root/My-Experiment/logs/navigation_records/ep10/20260908/instruction_two_stage_ep10_20260908_132650_train_navigation_20260908_132707.jsonl,3015,3035
instruction_two_stage_ep10_20260908_132650,1092,3,8.732511520385742,10.737576484680176,,JSONDecodeError: Expecting value: line 1 column 1 (char 0),null,uncertain,Visual evidence is insufficient to verify the STOP proposal.,[],,,null,,0,3,Turn to face black door,"[""predicate_not_satisfied""]",False,False,False,,,False,True,,0,insufficient_instance_geometry,,,,,4,0,2.0,5.916666507720947,1.9999995755517033,True,0.0724665997015318,/root/My-Experiment/logs/navigation_records/ep10/20260908/instruction_two_stage_ep10_20260908_132650_train_navigation_20260908_132707.jsonl,3072,3092
instruction_two_stage_ep10_20260908_132650,1092,4,10.737576484680176,9.823708534240723,,JSONDecodeError: Expecting value: line 1 column 1 (char 0),null,uncertain,Visual evidence is insufficient to verify the STOP proposal.,[],,,null,,0,3,Turn to face black door,"[""predicate_not_satisfied""]",False,False,False,,,False,True,,0,insufficient_instance_geometry,,,,,4,5,2.0,2.3038344383239746,1.9708125540304675,False,,/root/My-Experiment/logs/navigation_records/ep10/20260908/instruction_two_stage_ep10_20260908_132650_train_navigation_20260908_132707.jsonl,3129,3148
instruction_two_stage_ep10_20260908_132650,1092,5,9.823708534240723,11.529502868652344,,,null,reject,"Visual evidence does not support STOP: final_target_visible=False, arrival_evidence=False, missing=[]",[],,,null,,0,3,Turn to face black door,"[""predicate_not_satisfied""]",False,False,False,,,False,True,,0,insufficient_instance_geometry,,,,,4,10,1.75,5.235987663269043,1.7499999967377815,True,0.1217007462150701,/root/My-Experiment/logs/navigation_records/ep10/20260908/instruction_two_stage_ep10_20260908_132650_train_navigation_20260908_132707.jsonl,3185,3205
instruction_two_stage_ep10_20260908_132650,1092,6,11.529502868652344,12.946515083312988,,,null,reject,"Visual evidence does not support STOP: final_target_visible=True, arrival_evidence=False, missing=[]",[],,,null,,0,3,Turn to face black door,"[""predicate_not_satisfied""]",False,False,False,11,1.4407075345516205,True,True,,0,insufficient_instance_geometry,,,,,4,11,1.5,5.55014705657959,1.5000005831888077,True,0.058301591743244785,/root/My-Experiment/logs/navigation_records/ep10/20260908/instruction_two_stage_ep10_20260908_132650_train_navigation_20260908_132707.jsonl,3242,3262
instruction_two_stage_ep10_20260908_132650,1092,7,12.946515083312988,14.55668830871582,,,null,reject,"Visual evidence does not support STOP: final_target_visible=False, arrival_evidence=False, missing=[]",[],,,null,,0,3,Turn to face black door,"[""predicate_not_satisfied""]",False,False,False,,,False,True,,0,insufficient_instance_geometry,,,,,4,10,1.75,5.235987663269043,1.750000882458385,True,0.01298348286671197,/root/My-Experiment/logs/navigation_records/ep10/20260908/instruction_two_stage_ep10_20260908_132650_train_navigation_20260908_132707.jsonl,3299,3320
instruction_two_stage_ep10_20260908_132650,1092,8,14.55668830871582,12.983552932739258,,JSONDecodeError: Expecting value: line 1 column 1 (char 0),null,uncertain,Visual evidence is insufficient to verify the STOP proposal.,[],,,null,,1,3,Walk forward,[],False,False,False,,,False,True,,0,insufficient_instance_geometry,,,,,4,10,1.75,5.13126802444458,1.7500007524625003,True,0.06447036916206333,/root/My-Experiment/logs/navigation_records/ep10/20260908/instruction_two_stage_ep10_20260908_132650_train_navigation_20260908_132707.jsonl,3357,3377
instruction_two_stage_ep10_20260908_132650,1092,9,12.983552932739258,11.629210472106934,,,null,reject,"Visual evidence does not support STOP: final_target_visible=False, arrival_evidence=False, missing=[]",[],,,null,,1,3,Walk forward,"[""predicate_not_satisfied""]",False,False,False,,,False,True,,0,insufficient_instance_geometry,,,,,4,0,1.75,5.811946392059326,1.7500003058951052,False,,/root/My-Experiment/logs/navigation_records/ep10/20260908/instruction_two_stage_ep10_20260908_132650_train_navigation_20260908_132707.jsonl,3414,3433
instruction_two_stage_ep10_20260908_132650,1092,10,11.629210472106934,10.433164596557617,,,null,reject,"Visual evidence does not support STOP: final_target_visible=False, arrival_evidence=False, missing=[]",[],,,null,,1,3,Walk forward,"[""predicate_not_satisfied""]",False,False,False,,,False,True,,0,insufficient_instance_geometry,,,,,4,11,1.25,5.340707778930664,1.2499992310050823,True,0.013020483184906728,/root/My-Experiment/logs/navigation_records/ep10/20260908/instruction_two_stage_ep10_20260908_132650_train_navigation_20260908_132707.jsonl,3470,3491
instruction_two_stage_ep10_20260908_132650,748,1,,14.706872940063477,,,null,reject,"Visual evidence does not support STOP: final_target_visible=True, arrival_evidence=False, missing=[]",[],,,null,,0,2,Go toward the house and through the sliding doors,"[""verifier_not_implemented:cross""]",False,False,False,6,10.0,False,True,,0,insufficient_instance_geometry,,,,,4,7,2.5,3.1415927410125732,2.5006042533475914,True,0.012561002881555317,/root/My-Experiment/logs/navigation_records/ep10/20260908/instruction_two_stage_ep10_20260908_132650_train_navigation_20260908_132707.jsonl,3537,3557
instruction_two_stage_ep10_20260908_132650,748,2,14.706872940063477,12.50790023803711,,,null,reject,"Visual evidence does not support STOP: final_target_visible=False, arrival_evidence=False, missing=['dinning room table']",[],,,null,,0,2,Go toward the house and through the sliding doors,"[""verifier_not_implemented:cross""]",False,False,False,,,False,True,,0,insufficient_instance_geometry,,,,,4,1,2.25,0.5235986709594727,2.250005258507151,False,,/root/My-Experiment/logs/navigation_records/ep10/20260908/instruction_two_stage_ep10_20260908_132650_train_navigation_20260908_132707.jsonl,3594,3613
instruction_two_stage_ep10_20260908_132650,748,3,12.50790023803711,12.252565383911133,,,null,allow,Visual evidence supports final target visibility and arrival with confidence 0.90.,[],,,null,,0,2,Go toward the house and through the sliding doors,"[""verifier_not_implemented:cross""]",False,False,False,10,8.868945837020874,False,True,748:terminal-instance:1,1,new_spatial_track,,,,,4,11,2.25,5.340707778930664,2.250050203371953,True,0.038023409573452016,/root/My-Experiment/logs/navigation_records/ep10/20260908/instruction_two_stage_ep10_20260908_132650_train_navigation_20260908_132707.jsonl,3650,3671
instruction_two_stage_ep10_20260908_132650,748,4,12.252565383911133,14.324050903320312,,,null,reject,"Visual evidence does not support STOP: final_target_visible=True, arrival_evidence=False, missing=[]",[],,,null,,0,2,Go toward the house and through the sliding doors,"[""verifier_not_implemented:cross""]",False,False,False,3,7.97669529914856,False,True,,0,insufficient_instance_geometry,,,,,4,10,2.25,5.026548385620117,2.2509388272902497,True,0.027997204888689675,/root/My-Experiment/logs/navigation_records/ep10/20260908/instruction_two_stage_ep10_20260908_132650_train_navigation_20260908_132707.jsonl,3708,3728
instruction_two_stage_ep10_20260908_132650,748,5,14.324050903320312,15.665884971618652,,,null,reject,"Visual evidence does not support STOP: final_target_visible=True, arrival_evidence=False, missing=[]",[],,,null,,0,2,Go toward the house and through the sliding doors,"[""verifier_not_implemented:cross""]",False,False,False,5,8.089439868927002,False,True,,0,insufficient_instance_geometry,,,,,4,2,2.25,0.8377575874328613,2.249999014911768,True,0.06674501546117378,/root/My-Experiment/logs/navigation_records/ep10/20260908/instruction_two_stage_ep10_20260908_132650_train_navigation_20260908_132707.jsonl,3765,3785
instruction_two_stage_ep10_20260908_132650,748,6,15.665884971618652,16.199190139770508,,,null,reject,"Visual evidence does not support STOP: final_target_visible=True, arrival_evidence=False, missing=[]",[],,,null,,0,2,Go toward the house and through the sliding doors,"[""verifier_not_implemented:cross""]",False,False,False,5,10.0,False,True,,0,insufficient_instance_geometry,,,,,4,2,2.5,0.8377575874328613,2.5005101640470944,True,0.058609300503282474,/root/My-Experiment/logs/navigation_records/ep10/20260908/instruction_two_stage_ep10_20260908_132650_train_navigation_20260908_132707.jsonl,3822,3842
instruction_two_stage_ep10_20260908_132650,748,7,16.199190139770508,15.64931869506836,,,null,allow,Visual evidence supports final target visibility and arrival with confidence 0.90.,[],,,null,,0,2,Go toward the house and through the sliding doors,"[""verifier_not_implemented:cross""]",False,False,False,3,4.50466126203537,False,True,748:terminal-instance:2,1,new_spatial_track,,,,,4,2,2.0,0.8377575874328613,2.0006510123278587,True,0.0027238885298885296,/root/My-Experiment/logs/navigation_records/ep10/20260908/instruction_two_stage_ep10_20260908_132650_train_navigation_20260908_132707.jsonl,3879,3900
instruction_two_stage_ep10_20260908_132650,748,8,15.64931869506836,13.481980323791504,,,null,reject,"Visual evidence does not support STOP: final_target_visible=False, arrival_evidence=False, missing=['dinning room table']",[],,,null,,0,2,Go toward the house and through the sliding doors,"[""verifier_not_implemented:cross""]",False,False,False,,,False,True,,0,insufficient_instance_geometry,,,,,4,4,2.25,1.675516128540039,2.2522952578075905,False,,/root/My-Experiment/logs/navigation_records/ep10/20260908/instruction_two_stage_ep10_20260908_132650_train_navigation_20260908_132707.jsonl,3937,3956
instruction_two_stage_ep10_20260908_132650,748,9,13.481980323791504,13.344032287597656,,,null,reject,"Visual evidence does not support STOP: final_target_visible=False, arrival_evidence=False, missing=['dinning room table']",[],,,null,,0,2,Go toward the house and through the sliding doors,"[""verifier_not_implemented:cross""]",False,False,False,,,False,True,,0,insufficient_instance_geometry,,,,,4,2,2.25,0.8377575874328613,2.2500017131582424,True,0.03934221441328445,/root/My-Experiment/logs/navigation_records/ep10/20260908/instruction_two_stage_ep10_20260908_132650_train_navigation_20260908_132707.jsonl,3993,4013
instruction_two_stage_ep10_20260908_132650,748,10,13.344032287597656,14.105169296264648,,,null,allow,Visual evidence supports final target visibility and arrival with confidence 0.90.,[],,,null,,0,2,Go toward the house and through the sliding doors,"[""verifier_not_implemented:cross""]",False,False,False,9,8.120315670967102,False,True,748:terminal-instance:3,1,new_spatial_track,,,,,4,0,2.25,6.02138614654541,2.2521334654823058,True,0.034514310328594616,/root/My-Experiment/logs/navigation_records/ep10/20260908/instruction_two_stage_ep10_20260908_132650_train_navigation_20260908_132707.jsonl,4050,4071
instruction_two_stage_ep10_20260908_132650,116,1,,4.53117561340332,,,null,reject,"Visual evidence does not support STOP: final_target_visible=False, arrival_evidence=False, missing=['tub and sink']",[],,,null,,0,4,walk forward,"[""predicate_not_satisfied""]",False,False,False,,,False,True,,0,insufficient_instance_geometry,,,,,4,8,1.25,3.9793508052825928,1.2499998132716288,True,0.12998967249856774,/root/My-Experiment/logs/navigation_records/ep10/20260908/instruction_two_stage_ep10_20260908_132650_train_navigation_20260908_132707.jsonl,4117,4137
instruction_two_stage_ep10_20260908_132650,116,2,4.53117561340332,3.2261033058166504,,,null,reject,"Visual evidence does not support STOP: final_target_visible=False, arrival_evidence=False, missing=['tub and sink']",[],,,null,,0,4,walk forward,"[""predicate_not_satisfied""]",False,False,False,,,False,True,,0,insufficient_instance_geometry,,,,,4,10,1.5,5.235987663269043,1.5000045845149401,True,0.08927530586892546,/root/My-Experiment/logs/navigation_records/ep10/20260908/instruction_two_stage_ep10_20260908_132650_train_navigation_20260908_132707.jsonl,4174,4194
instruction_two_stage_ep10_20260908_132650,116,3,3.2261033058166504,3.8836896419525146,,,null,reject,"Visual evidence does not support STOP: final_target_visible=False, arrival_evidence=False, missing=['tub and sink']",[],,,null,,0,4,walk forward,"[""predicate_not_satisfied""]",False,False,False,,,False,True,,0,insufficient_instance_geometry,,,,,4,0,1.75,5.9690260887146,1.7499981583549955,True,0.17973663781983765,/root/My-Experiment/logs/navigation_records/ep10/20260908/instruction_two_stage_ep10_20260908_132650_train_navigation_20260908_132707.jsonl,4231,4251
instruction_two_stage_ep10_20260908_132650,116,4,3.8836896419525146,5.087611198425293,,JSONDecodeError: Expecting value: line 1 column 1 (char 0),null,uncertain,Visual evidence is insufficient to verify the STOP proposal.,[],,,null,,0,4,walk forward,"[""predicate_not_satisfied""]",False,False,False,,,False,True,,0,insufficient_instance_geometry,,,,,4,1,1.5,0.10471916198730469,1.5000045117551868,False,,/root/My-Experiment/logs/navigation_records/ep10/20260908/instruction_two_stage_ep10_20260908_132650_train_navigation_20260908_132707.jsonl,4288,4307
instruction_two_stage_ep10_20260908_132650,116,5,5.087611198425293,3.4701108932495117,,,null,reject,"Visual evidence does not support STOP: final_target_visible=False, arrival_evidence=False, missing=['tub and sink']",[],,,null,,0,4,walk forward,"[""predicate_not_satisfied""]",False,False,False,,,False,True,,0,insufficient_instance_geometry,,,,,4,7,2.25,3.1415927410125732,2.25000676763278,False,,/root/My-Experiment/logs/navigation_records/ep10/20260908/instruction_two_stage_ep10_20260908_132650_train_navigation_20260908_132707.jsonl,4344,4363
instruction_two_stage_ep10_20260908_132650,116,6,3.4701108932495117,3.4507124423980713,,,null,reject,"Visual evidence does not support STOP: final_target_visible=False, arrival_evidence=False, missing=['tub and sink']",[],,,null,,0,4,walk forward,"[""predicate_not_satisfied""]",False,False,False,,,False,True,,0,insufficient_instance_geometry,,,,,4,0,1.5,6.0737457275390625,1.4999949076604897,True,0.03983458174049004,/root/My-Experiment/logs/navigation_records/ep10/20260908/instruction_two_stage_ep10_20260908_132650_train_navigation_20260908_132707.jsonl,4400,4420
instruction_two_stage_ep10_20260908_132650,116,7,3.4507124423980713,3.1352078914642334,,,null,reject,"Visual evidence does not support STOP: final_target_visible=False, arrival_evidence=False, missing=['tub and sink']",[],,,null,,0,4,walk forward,"[""predicate_not_satisfied""]",False,False,False,,,False,True,,0,insufficient_instance_geometry,,,,,4,7,1.5,3.4033920764923096,1.5000014049118804,False,,/root/My-Experiment/logs/navigation_records/ep10/20260908/instruction_two_stage_ep10_20260908_132650_train_navigation_20260908_132707.jsonl,4457,4477
instruction_two_stage_ep10_20260908_132650,116,8,3.1352078914642334,4.406012058258057,,,null,reject,"Visual evidence does not support STOP: final_target_visible=False, arrival_evidence=False, missing=['tub and sink']",[],,,null,,0,4,walk forward,"[""predicate_not_satisfied""]",False,False,False,,,False,True,,0,insufficient_instance_geometry,,,,,4,0,1.5,6.02138614654541,1.49999485820045,True,0.1561945393319564,/root/My-Experiment/logs/navigation_records/ep10/20260908/instruction_two_stage_ep10_20260908_132650_train_navigation_20260908_132707.jsonl,4514,4534
instruction_two_stage_ep10_20260908_132650,116,9,4.406012058258057,4.303544044494629,,JSONDecodeError: Expecting value: line 1 column 1 (char 0),null,uncertain,Visual evidence is insufficient to verify the STOP proposal.,[],,,null,,0,4,walk forward,"[""predicate_not_satisfied""]",False,False,False,,,False,True,,0,insufficient_instance_geometry,,,,,4,4,2.25,1.675516128540039,0.6737173038490194,True,0.15358663174288256,/root/My-Experiment/logs/navigation_records/ep10/20260908/instruction_two_stage_ep10_20260908_132650_train_navigation_20260908_132707.jsonl,4571,4597
instruction_two_stage_ep10_20260908_132650,116,10,4.303544044494629,2.601768970489502,,,null,reject,"Visual evidence does not support STOP: final_target_visible=False, arrival_evidence=False, missing=['tub and sink']",[],,,null,,0,4,walk forward,"[""predicate_not_satisfied""]",False,False,False,,,False,True,,0,insufficient_instance_geometry,,,,,4,3,1.75,1.3089966773986816,1.6914202554746143,True,0.1425786797018674,/root/My-Experiment/logs/navigation_records/ep10/20260908/instruction_two_stage_ep10_20260908_132650_train_navigation_20260908_132707.jsonl,4634,4655
instruction_two_stage_ep10_20260908_132650,513,1,,6.092674255371094,,JSONDecodeError: Expecting value: line 1 column 1 (char 0),null,uncertain,Visual evidence is insufficient to verify the STOP proposal.,[],,,null,,0,1,Go into the living area with the fireplace,"[""effective_movement_missing""]",False,False,False,,,False,True,,0,insufficient_instance_geometry,,,,,4,5,1.75,2.251474380493164,1.7499996546682708,True,0.005428618610982816,/root/My-Experiment/logs/navigation_records/ep10/20260908/instruction_two_stage_ep10_20260908_132650_train_navigation_20260908_132707.jsonl,4701,4721
instruction_two_stage_ep10_20260908_132650,513,2,6.092674255371094,4.735865116119385,,,null,reject,"Visual evidence does not support STOP: final_target_visible=False, arrival_evidence=False, missing=['area between the two white sofas']",[],,,null,,0,1,Go into the living area with the fireplace,"[""enter_state_transition_missing""]",False,False,False,,,False,True,,0,insufficient_instance_geometry,,,,,4,2,2.0,0.8377575874328613,1.9999995217110356,True,0.12718073648665698,/root/My-Experiment/logs/navigation_records/ep10/20260908/instruction_two_stage_ep10_20260908_132650_train_navigation_20260908_132707.jsonl,4758,4778
instruction_two_stage_ep10_20260908_132650,513,3,4.735865116119385,4.231027603149414,,,null,allow,Visual evidence supports final target visibility and arrival with confidence 0.90.,[],,,null,,0,1,Go into the living area with the fireplace,"[""room_observations_not_comparable""]",False,False,False,2,5.308038592338562,False,True,513:terminal-instance:1,1,new_spatial_track,,,,,4,2,2.0,0.7330379486083984,2.0000000332735364,True,0.07127090301248828,/root/My-Experiment/logs/navigation_records/ep10/20260908/instruction_two_stage_ep10_20260908_132650_train_navigation_20260908_132707.jsonl,4815,4837
instruction_two_stage_ep10_20260908_132650,513,4,4.231027603149414,3.880890130996704,,,null,allow,Visual evidence supports final target visibility and arrival with confidence 0.90.,[],,,null,,1,1,,[],True,False,False,3,4.891080260276794,False,True,513:terminal-instance:2,1,new_spatial_track,reject,,,,4,2,1.75,0.6806783676147461,1.7500000830868379,False,,/root/My-Experiment/logs/navigation_records/ep10/20260908/instruction_two_stage_ep10_20260908_132650_train_navigation_20260908_132707.jsonl,4874,4911
instruction_two_stage_ep10_20260908_132650,513,5,3.880890130996704,4.604579925537109,,,null,allow,Visual evidence supports final target visibility and arrival with confidence 0.90.,[],,,null,,1,1,,[],True,False,False,3,4.39210057258606,False,True,513:terminal-instance:2,2,matched_terminal_track,reject,,,,4,0,1.75,5.864306449890137,1.75000025114441,True,0.034214639225558896,/root/My-Experiment/logs/navigation_records/ep10/20260908/instruction_two_stage_ep10_20260908_132650_train_navigation_20260908_132707.jsonl,4948,4986
instruction_two_stage_ep10_20260908_132650,513,6,4.604579925537109,2.8558146953582764,,JSONDecodeError: Expecting value: line 1 column 1 (char 0),null,uncertain,Visual evidence is insufficient to verify the STOP proposal.,[],,,null,,1,1,,[],True,False,False,,,False,True,,0,insufficient_instance_geometry,reject,,,,4,5,1.75,2.1991147994995117,1.7499999723020248,False,,/root/My-Experiment/logs/navigation_records/ep10/20260908/instruction_two_stage_ep10_20260908_132650_train_navigation_20260908_132707.jsonl,5023,5061
instruction_two_stage_ep10_20260908_132650,513,7,2.8558146953582764,2.332953929901123,,,null,allow,Visual evidence supports final target visibility and arrival with confidence 0.90.,[],,,null,,1,1,,[],True,False,False,5,2.294468581676483,True,True,513:terminal-instance:3,1,new_spatial_track,reject,,,,4,11,1.0,5.55014705657959,1.0000002283920064,False,,/root/My-Experiment/logs/navigation_records/ep10/20260908/instruction_two_stage_ep10_20260908_132650_train_navigation_20260908_132707.jsonl,5098,5135
instruction_two_stage_ep10_20260908_132650,513,8,2.332953929901123,2.873436689376831,,,null,reject,"Visual evidence does not support STOP: final_target_visible=True, arrival_evidence=False, missing=['area between the two white sofas']",[],,,null,,1,1,,[],True,False,False,3,4.326577186584473,False,True,,0,insufficient_instance_geometry,reject,,,,4,6,1.5,2.775073528289795,1.5000001514405805,True,0.04066523686383233,/root/My-Experiment/logs/navigation_records/ep10/20260908/instruction_two_stage_ep10_20260908_132650_train_navigation_20260908_132707.jsonl,5172,5210
instruction_two_stage_ep10_20260908_132650,513,9,2.873436689376831,3.8289122581481934,,,null,allow,Visual evidence supports final target visibility and arrival with confidence 0.90.,[],,,null,,1,1,,[],True,False,False,6,3.027261197566986,False,True,513:terminal-instance:4,1,new_spatial_track,reject,,,,4,0,2.25,5.811946392059326,2.2424830576837427,True,0.20415311282026255,/root/My-Experiment/logs/navigation_records/ep10/20260908/instruction_two_stage_ep10_20260908_132650_train_navigation_20260908_132707.jsonl,5247,5286
instruction_two_stage_ep10_20260908_132650,513,10,3.8289122581481934,4.663258075714111,,,null,allow,Visual evidence supports final target visibility and arrival with confidence 0.90.,[],,,null,,1,1,,[],True,False,False,6,3.8271325826644897,False,True,513:terminal-instance:4,2,matched_terminal_track,reject,,,,4,11,2.0,5.393067359924316,2.0000000891461047,True,0.10970339259752682,/root/My-Experiment/logs/navigation_records/ep10/20260908/instruction_two_stage_ep10_20260908_132650_train_navigation_20260908_132707.jsonl,5323,5361
instruction_two_stage_ep10_20260908_132650,11,1,,8.823760986328125,,,null,reject,"Visual evidence does not support STOP: final_target_visible=True, arrival_evidence=False, missing=[]",[],,,null,,0,1,Walk across the floor,"[""predicate_not_satisfied""]",False,False,False,5,2.7410441637039185,True,False,,0,insufficient_instance_geometry,,,,,4,2,2.25,0.5759587287902832,2.2499961067335756,True,0.056076580872769205,/root/My-Experiment/logs/navigation_records/ep10/20260908/instruction_two_stage_ep10_20260908_132650_train_navigation_20260908_132707.jsonl,5407,5427
instruction_two_stage_ep10_20260908_132650,11,2,8.823760986328125,8.740385055541992,,,null,reject,"Visual evidence does not support STOP: final_target_visible=False, arrival_evidence=False, missing=[]",[],,,null,,1,1,,[],True,False,False,,,False,False,,0,insufficient_instance_geometry,reject,,,,4,8,2.25,3.9269907474517822,2.2412354119467763,False,,/root/My-Experiment/logs/navigation_records/ep10/20260908/instruction_two_stage_ep10_20260908_132650_train_navigation_20260908_132707.jsonl,5465,5502
instruction_two_stage_ep10_20260908_132650,11,3,8.740385055541992,6.744319438934326,,,null,uncertain,"Visual evidence has an allow candidate, but conservative STOP allow rules blocked it: generic_final_terms:archway.","[""generic_final_terms:archway""]",,,null,,1,1,,[],True,False,False,1,2.7140846848487854,True,False,11:terminal-instance:1,1,new_spatial_track,reject,,,,4,9,2.0,4.450589656829834,1.9999997934355527,True,0.02037520832818762,/root/My-Experiment/logs/navigation_records/ep10/20260908/instruction_two_stage_ep10_20260908_132650_train_navigation_20260908_132707.jsonl,5539,5579
instruction_two_stage_ep10_20260908_132650,11,4,6.744319438934326,6.623468399047852,,,null,uncertain,"Visual evidence has an allow candidate, but conservative STOP allow rules blocked it: generic_final_terms:archway.","[""generic_final_terms:archway""]",,,null,,1,1,,[],True,False,False,11,2.823211193084717,True,False,11:terminal-instance:2,1,new_spatial_track,reject,,,,4,10,2.25,5.183628082275391,2.250005733455026,False,,/root/My-Experiment/logs/navigation_records/ep10/20260908/instruction_two_stage_ep10_20260908_132650_train_navigation_20260908_132707.jsonl,5616,5654
instruction_two_stage_ep10_20260908_132650,11,5,6.623468399047852,4.914458274841309,,JSONDecodeError: Expecting value: line 1 column 1 (char 0),null,uncertain,Visual evidence is insufficient to verify the STOP proposal.,[],,,null,,1,1,,[],True,False,False,,,False,True,,0,insufficient_instance_geometry,reject,,,,4,5,2.25,2.3038344383239746,2.250006587089864,True,0.028473452242889052,/root/My-Experiment/logs/navigation_records/ep10/20260908/instruction_two_stage_ep10_20260908_132650_train_navigation_20260908_132707.jsonl,5692,5730
instruction_two_stage_ep10_20260908_132650,11,6,4.914458274841309,2.8301994800567627,,,null,reject,"Visual evidence does not support STOP: final_target_visible=True, arrival_evidence=False, missing=[]",[],,,null,,1,1,,[],True,False,False,9,2.901266396045685,True,True,,0,insufficient_instance_geometry,reject,,,,4,10,2.25,4.869468688964844,2.2499966725129474,False,,/root/My-Experiment/logs/navigation_records/ep10/20260908/instruction_two_stage_ep10_20260908_132650_train_navigation_20260908_132707.jsonl,5768,5806
instruction_two_stage_ep10_20260908_132650,11,7,2.8301994800567627,2.200965166091919,,,null,uncertain,"Visual evidence has an allow candidate, but conservative STOP allow rules blocked it: generic_final_terms:archway.","[""generic_final_terms:archway""]",,,null,,1,1,,[],True,False,False,0,2.0017878711223602,True,True,11:terminal-instance:3,1,new_spatial_track,reject,,,,4,0,2.25,6.0737457275390625,2.0537668790086765,False,,/root/My-Experiment/logs/navigation_records/ep10/20260908/instruction_two_stage_ep10_20260908_132650_train_navigation_20260908_132707.jsonl,5844,5882
instruction_two_stage_ep10_20260908_132650,11,8,2.200965166091919,1.3163707256317139,,,null,uncertain,"Visual evidence has an allow candidate, but conservative STOP allow rules blocked it: generic_final_terms:archway.","[""generic_final_terms:archway""]",,,null,,1,1,,[],True,False,False,6,2.806953787803651,True,True,11:terminal-instance:4,1,new_spatial_track,reject,,,,4,5,1.75,2.251474380493164,1.7499957056889632,True,0.07284561090759673,/root/My-Experiment/logs/navigation_records/ep10/20260908/instruction_two_stage_ep10_20260908_132650_train_navigation_20260908_132707.jsonl,5919,5958
instruction_two_stage_ep10_20260908_132650,11,9,1.3163707256317139,3.5496604442596436,,JSONDecodeError: Expecting value: line 1 column 1 (char 0),null,uncertain,Visual evidence is insufficient to verify the STOP proposal.,[],,,null,,1,1,,[],True,False,False,,,False,True,,0,insufficient_instance_geometry,reject,,,,4,3,2.25,1.570796012878418,2.2500000050738183,True,0.15137833753614593,/root/My-Experiment/logs/navigation_records/ep10/20260908/instruction_two_stage_ep10_20260908_132650_train_navigation_20260908_132707.jsonl,5995,6034
instruction_two_stage_ep10_20260908_132650,11,10,3.5496604442596436,5.495049476623535,,,null,reject,"Visual evidence does not support STOP: final_target_visible=True, arrival_evidence=False, missing=[]",[],,,null,,1,1,,[],True,False,False,5,2.568986773490906,True,True,,0,insufficient_instance_geometry,reject,,,,4,0,2.0,5.916666507720947,1.9999998176390281,False,,/root/My-Experiment/logs/navigation_records/ep10/20260908/instruction_two_stage_ep10_20260908_132650_train_navigation_20260908_132707.jsonl,6071,6108
instruction_two_stage_ep10_20260908_205014,244,1,,6.1225128173828125,0,,"[{""attempt"": 1, ""valid"": true, ""response_chars"": 600}]",uncertain,"Visual evidence has an allow candidate, but conservative STOP allow rules blocked it: before_min_steps:1<3, generic_final_terms:doorway.","[""before_min_steps:1<3"", ""generic_final_terms:doorway""]",True,True,[],False,0,3,Go through the door,"[""verifier_not_implemented:cross""]",False,False,False,1,1.9564368426799774,True,True,244:terminal-instance:1,1,new_spatial_track,,,,,4,3,2.5,1.0995569229125977,0.9302688724418695,True,0.21084391433715208,/root/My-Experiment/logs/navigation_records/ep10/20260908/instruction_two_stage_ep10_20260908_205014_train_navigation_20260908_205031.jsonl,34,55
instruction_two_stage_ep10_20260908_205014,244,2,6.1225128173828125,5.818793773651123,0,,"[{""attempt"": 1, ""valid"": true, ""response_chars"": 612}]",reject,"Visual evidence has an allow candidate, but conservative STOP allow rules blocked it: terminal_relation_evidence_missing:unlocalized_relation.","[""terminal_relation_evidence_missing:unlocalized_relation""]",True,False,[],False,0,3,Go through the door,"[""verifier_not_implemented:cross""]",False,False,False,,,False,True,,0,insufficient_instance_geometry,,,,,4,10,1.0,4.921828269958496,1.003039060313887,True,0.15193263033376245,/root/My-Experiment/logs/navigation_records/ep10/20260908/instruction_two_stage_ep10_20260908_205014_train_navigation_20260908_205031.jsonl,93,113
instruction_two_stage_ep10_20260908_205014,244,3,5.818793773651123,4.319491386413574,0,,"[{""attempt"": 1, ""valid"": true, ""response_chars"": 607}]",uncertain,"Visual evidence has an allow candidate, but conservative STOP allow rules blocked it: generic_final_terms:doorway.","[""generic_final_terms:doorway""]",True,True,[],False,0,3,Go through the door,"[""verifier_not_implemented:cross""]",False,False,False,3,0.9545936435461045,True,True,244:terminal-instance:2,1,new_spatial_track,,,,,4,4,1.5,1.675516128540039,1.5000006014723726,True,0.03526690955671036,/root/My-Experiment/logs/navigation_records/ep10/20260908/instruction_two_stage_ep10_20260908_205014_train_navigation_20260908_205031.jsonl,151,171
instruction_two_stage_ep10_20260908_205014,244,4,4.319491386413574,2.93601131439209,1,,"[{""attempt"": 1, ""valid"": false, ""response_chars"": 2849, ""error"": ""JSONDecodeError: Expecting value: line 1 column 1 (char 0)""}, {""attempt"": 2, ""valid"": true, ""response_chars"": 845}]",uncertain,"Visual evidence has an allow candidate, but conservative STOP allow rules blocked it: generic_final_terms:doorway.","[""generic_final_terms:doorway""]",True,True,[],False,0,3,Go through the door,"[""verifier_not_implemented:cross""]",False,True,False,1,0.2598959393799305,True,True,244:terminal-instance:2,2,matched_terminal_track,,,,,4,1,1.5,0.31415891647338867,1.478042902785008,False,,/root/My-Experiment/logs/navigation_records/ep10/20260908/instruction_two_stage_ep10_20260908_205014_train_navigation_20260908_205031.jsonl,209,230
instruction_two_stage_ep10_20260908_205014,244,5,2.93601131439209,2.395702362060547,1,"JSONDecodeError: Expecting ',' delimiter: line 23 column 6 (char 974)","[{""attempt"": 1, ""valid"": false, ""response_chars"": 2696, ""error"": ""JSONDecodeError: Expecting value: line 1 column 1 (char 0)""}, {""attempt"": 2, ""valid"": false, ""response_chars"": 986, ""error"": ""JSONDecodeError: Expecting ',' delimiter: line 23 column 6 (char 974)""}]",uncertain,"Visual evidence has an allow candidate, but conservative STOP allow rules blocked it: terminal_relation_evidence_missing:white double doors.","[""terminal_relation_evidence_missing:white double doors""]",True,False,"[""white double doors""]",False,0,3,Go through the door,"[""verifier_not_implemented:cross""]",False,False,False,,,False,True,,0,insufficient_instance_geometry,,,,,4,0,1.5,5.864306449890137,1.4999998395864529,True,0.11753065927257023,/root/My-Experiment/logs/navigation_records/ep10/20260908/instruction_two_stage_ep10_20260908_205014_train_navigation_20260908_205031.jsonl,268,288
instruction_two_stage_ep10_20260908_205014,244,6,2.395702362060547,2.3251216411590576,0,,"[{""attempt"": 1, ""valid"": true, ""response_chars"": 597}]",uncertain,"Visual evidence has an allow candidate, but conservative STOP allow rules blocked it: generic_final_terms:doorway.","[""generic_final_terms:doorway""]",True,True,[],False,0,3,Go through the door,"[""verifier_not_implemented:cross""]",False,False,False,0,1.1008161902427676,True,True,244:terminal-instance:3,1,new_spatial_track,,,,,4,5,1.75,2.6179935932159424,1.749999450962073,True,0.07322205318778816,/root/My-Experiment/logs/navigation_records/ep10/20260908/instruction_two_stage_ep10_20260908_205014_train_navigation_20260908_205031.jsonl,326,346
instruction_two_stage_ep10_20260908_205014,244,7,2.3251216411590576,2.14394474029541,0,,"[{""attempt"": 1, ""valid"": true, ""response_chars"": 609}]",reject,"Visual evidence does not support STOP: final_target_visible=True, arrival_evidence=False, missing=[]",[],True,True,[],False,0,3,Go through the door,"[""verifier_not_implemented:cross""]",False,False,False,6,2.1245155334472656,True,True,,0,insufficient_instance_geometry,,,,,4,7,1.75,3.2986721992492676,1.749999841222504,True,0.003137216232080242,/root/My-Experiment/logs/navigation_records/ep10/20260908/instruction_two_stage_ep10_20260908_205014_train_navigation_20260908_205031.jsonl,384,405
instruction_two_stage_ep10_20260908_205014,244,8,2.14394474029541,1.9503529071807861,0,,"[{""attempt"": 1, ""valid"": true, ""response_chars"": 613}]",uncertain,"Visual evidence has an allow candidate, but conservative STOP allow rules blocked it: generic_final_terms:doorway.","[""generic_final_terms:doorway""]",True,True,[],False,0,3,Go through the door,"[""verifier_not_implemented:cross""]",False,False,False,0,0.9959245473146439,True,True,244:terminal-instance:4,1,new_spatial_track,,,,,4,6,1.75,2.879793167114258,1.74999952857192,True,0.2309874283057209,/root/My-Experiment/logs/navigation_records/ep10/20260908/instruction_two_stage_ep10_20260908_205014_train_navigation_20260908_205031.jsonl,442,462
instruction_two_stage_ep10_20260908_205014,244,9,1.9503529071807861,3.2385942935943604,0,,"[{""attempt"": 1, ""valid"": true, ""response_chars"": 418}]",reject,"Visual evidence does not support STOP: final_target_visible=True, arrival_evidence=False, missing=[]",[],True,True,[],False,0,3,Go through the door,"[""verifier_not_implemented:cross""]",False,False,False,6,2.1423388719558716,True,True,,0,insufficient_instance_geometry,,,,,4,4,1.5,1.8325953483581543,1.4999995510912016,False,,/root/My-Experiment/logs/navigation_records/ep10/20260908/instruction_two_stage_ep10_20260908_205014_train_navigation_20260908_205031.jsonl,499,518
instruction_two_stage_ep10_20260908_205014,244,10,3.2385942935943604,1.782256841659546,0,,"[{""attempt"": 1, ""valid"": true, ""response_chars"": 597}]",uncertain,"Visual evidence has an allow candidate, but conservative STOP allow rules blocked it: generic_final_terms:doorway.","[""generic_final_terms:doorway""]",True,True,[],False,0,3,Go through the door,"[""verifier_not_implemented:cross""]",False,False,False,3,2.196337729692459,True,True,244:terminal-instance:5,1,new_spatial_track,,,,,4,5,1.75,2.4085543155670166,1.7499994514686528,True,0.03733951503421795,/root/My-Experiment/logs/navigation_records/ep10/20260908/instruction_two_stage_ep10_20260908_205014_train_navigation_20260908_205031.jsonl,555,576
instruction_two_stage_ep10_20260908_205014,218,1,,7.5492658615112305,1,,"[{""attempt"": 1, ""valid"": false, ""response_chars"": 2582, ""error"": ""JSONDecodeError: Expecting value: line 1 column 1 (char 0)""}, {""attempt"": 2, ""valid"": true, ""response_chars"": 836}]",reject,"Visual evidence does not support STOP: final_target_visible=False, arrival_evidence=False, missing=[]",[],False,True,[],False,0,4,Leave the bedroom,"[""effective_movement_missing""]",False,False,False,,,False,True,,0,insufficient_instance_geometry,,,,,4,9,1.25,4.5029497146606445,1.2499995346575177,True,0.11088270573833836,/root/My-Experiment/logs/navigation_records/ep10/20260908/instruction_two_stage_ep10_20260908_205014_train_navigation_20260908_205031.jsonl,622,642
instruction_two_stage_ep10_20260908_205014,218,2,7.5492658615112305,8.29138469696045,1,,"[{""attempt"": 1, ""valid"": false, ""response_chars"": 2580, ""error"": ""JSONDecodeError: Expecting value: line 1 column 1 (char 0)""}, {""attempt"": 2, ""valid"": true, ""response_chars"": 691}]",reject,"Visual evidence does not support STOP: final_target_visible=False, arrival_evidence=False, missing=['doorway to the room']",[],False,True,[],False,0,4,Leave the bedroom,"[""exit_state_transition_missing""]",False,False,False,,,False,True,,0,insufficient_instance_geometry,,,,,4,0,1.0,6.0737457275390625,0.7523795800018211,True,0.04320677797973965,/root/My-Experiment/logs/navigation_records/ep10/20260908/instruction_two_stage_ep10_20260908_205014_train_navigation_20260908_205031.jsonl,679,699
instruction_two_stage_ep10_20260908_205014,218,3,8.29138469696045,8.549818992614746,0,,"[{""attempt"": 1, ""valid"": true, ""response_chars"": 632}]",allow,Visual evidence supports final target visibility and arrival with confidence 0.90.,[],False,True,[],False,0,4,Leave the bedroom,"[""exit_state_transition_missing""]",False,False,False,6,0.8833652436733247,True,True,218:terminal-instance:1,1,new_spatial_track,,,,,4,10,0.75,4.817108631134033,0.6018069548350666,True,0.04011384075840252,/root/My-Experiment/logs/navigation_records/ep10/20260908/instruction_two_stage_ep10_20260908_205014_train_navigation_20260908_205031.jsonl,736,757
instruction_two_stage_ep10_20260908_205014,218,4,8.549818992614746,8.549818992614746,0,,"[{""attempt"": 1, ""valid"": true, ""response_chars"": 625}]",allow,Visual evidence supports final target visibility and arrival with confidence 0.95.,[],False,True,[],False,0,4,Leave the bedroom,"[""room_state_unobserved""]",False,True,False,9,1.2935331463813782,True,True,218:terminal-instance:1,2,matched_terminal_track,,,,,4,0,1.0,6.0737457275390625,0.0,True,0.0955584232835584,/root/My-Experiment/logs/navigation_records/ep10/20260908/instruction_two_stage_ep10_20260908_205014_train_navigation_20260908_205031.jsonl,794,814
instruction_two_stage_ep10_20260908_205014,218,5,8.549818992614746,7.353854179382324,0,,"[{""attempt"": 1, ""valid"": true, ""response_chars"": 614}]",allow,Visual evidence supports final target visibility and arrival with confidence 0.95.,[],False,True,[],False,0,4,Leave the bedroom,"[""effective_movement_missing""]",False,True,False,9,1.2248911708593369,True,True,218:terminal-instance:1,3,matched_terminal_track,,,,,4,9,1.25,4.5029497146606445,1.2499990947705006,False,,/root/My-Experiment/logs/navigation_records/ep10/20260908/instruction_two_stage_ep10_20260908_205014_train_navigation_20260908_205031.jsonl,851,870
instruction_two_stage_ep10_20260908_205014,218,6,7.353854179382324,6.4095635414123535,1,,"[{""attempt"": 1, ""valid"": false, ""response_chars"": 2799, ""error"": ""JSONDecodeError: Expecting value: line 1 column 1 (char 0)""}, {""attempt"": 2, ""valid"": true, ""response_chars"": 910}]",allow,Visual evidence supports final target visibility and arrival with confidence 0.90.,[],False,True,[],False,0,4,Leave the bedroom,"[""exit_state_transition_missing""]",False,True,False,10,0.5392950996756554,True,True,218:terminal-instance:1,4,matched_terminal_track,,,,,4,0,1.5,5.864306449890137,1.5000008045342499,True,0.09490553625179815,/root/My-Experiment/logs/navigation_records/ep10/20260908/instruction_two_stage_ep10_20260908_205014_train_navigation_20260908_205031.jsonl,907,934
instruction_two_stage_ep10_20260908_205014,218,7,6.4095635414123535,5.223273277282715,0,,"[{""attempt"": 1, ""valid"": true, ""response_chars"": 626}]",reject,"Visual evidence does not support STOP: final_target_visible=False, arrival_evidence=False, missing=['doorway to the room']",[],False,True,[],False,0,4,Leave the bedroom,"[""room_observations_not_comparable""]",False,False,False,,,False,True,,0,insufficient_instance_geometry,,,,,4,9,1.25,4.607669353485107,1.2500014413123712,False,,/root/My-Experiment/logs/navigation_records/ep10/20260908/instruction_two_stage_ep10_20260908_205014_train_navigation_20260908_205031.jsonl,971,990
instruction_two_stage_ep10_20260908_205014,218,8,5.223273277282715,5.745336532592773,1,,"[{""attempt"": 1, ""valid"": false, ""response_chars"": 2586, ""error"": ""JSONDecodeError: Expecting value: line 1 column 1 (char 0)""}, {""attempt"": 2, ""valid"": true, ""response_chars"": 903}]",allow,Visual evidence supports final target visibility and arrival with confidence 0.90.,[],False,True,[],False,0,4,Leave the bedroom,"[""room_observations_not_comparable""]",False,False,False,1,1.4126302301883698,True,True,218:terminal-instance:2,1,new_spatial_track,,,,,4,11,1.25,5.2883477210998535,1.2500002742490024,True,0.12540168334791485,/root/My-Experiment/logs/navigation_records/ep10/20260908/instruction_two_stage_ep10_20260908_205014_train_navigation_20260908_205031.jsonl,1027,1047
instruction_two_stage_ep10_20260908_205014,218,9,5.745336532592773,6.874413013458252,1,,"[{""attempt"": 1, ""valid"": false, ""response_chars"": 2702, ""error"": ""JSONDecodeError: Expecting value: line 1 column 1 (char 0)""}, {""attempt"": 2, ""valid"": true, ""response_chars"": 855}]",allow,Visual evidence supports final target visibility and arrival with confidence 0.95.,[],False,True,[],False,0,4,Leave the bedroom,"[""exit_state_transition_missing""]",False,True,False,6,1.1992840468883514,True,True,218:terminal-instance:2,2,matched_terminal_track,,,,,4,1,1.25,0.26179933547973633,1.2499998029203967,False,,/root/My-Experiment/logs/navigation_records/ep10/20260908/instruction_two_stage_ep10_20260908_205014_train_navigation_20260908_205031.jsonl,1084,1104
instruction_two_stage_ep10_20260908_205014,218,10,6.874413013458252,9.020262718200684,1,,"[{""attempt"": 1, ""valid"": false, ""response_chars"": 2600, ""error"": ""JSONDecodeError: Expecting value: line 1 column 1 (char 0)""}, {""attempt"": 2, ""valid"": true, ""response_chars"": 860}]",allow,Visual evidence supports final target visibility and arrival with confidence 0.90.,[],False,True,[],False,1,4,take a left in the hallway,[],False,True,False,1,0.6181510016322136,True,True,218:terminal-instance:2,3,matched_terminal_track,,,,,4,11,2.25,5.4977874755859375,2.2499984868125678,True,0.14827636033106703,/root/My-Experiment/logs/navigation_records/ep10/20260908/instruction_two_stage_ep10_20260908_205014_train_navigation_20260908_205031.jsonl,1141,1161
instruction_two_stage_ep10_20260908_205014,226,1,,9.68908405303955,1,,"[{""attempt"": 1, ""valid"": false, ""response_chars"": 2944, ""error"": ""JSONDecodeError: Expecting value: line 1 column 1 (char 0)""}, {""attempt"": 2, ""valid"": true, ""response_chars"": 670}]",reject,"Visual evidence does not support STOP: final_target_visible=False, arrival_evidence=False, missing=['doorway to the bedroom']",[],False,True,[],False,0,5,Leave the bedroom,"[""effective_movement_missing""]",False,False,False,,,False,True,,0,insufficient_instance_geometry,,,,,4,11,2.25,5.445427417755127,2.249998819959666,True,0.16653609846823825,/root/My-Experiment/logs/navigation_records/ep10/20260908/instruction_two_stage_ep10_20260908_205014_train_navigation_20260908_205031.jsonl,1207,1227
instruction_two_stage_ep10_20260908_205014,226,2,9.68908405303955,8.31788158416748,0,,"[{""attempt"": 1, ""valid"": true, ""response_chars"": 653}]",uncertain,"Visual evidence has an allow candidate, but conservative STOP allow rules blocked it: before_min_steps:2<3.","[""before_min_steps:2<3""]",False,True,[],False,0,5,Leave the bedroom,"[""exit_state_transition_missing""]",False,False,False,6,1.9814046025276184,True,True,226:terminal-instance:1,1,new_spatial_track,,,,,4,6,1.5,3.0892324447631836,1.4999995764147211,True,0.022875870164343948,/root/My-Experiment/logs/navigation_records/ep10/20260908/instruction_two_stage_ep10_20260908_205014_train_navigation_20260908_205031.jsonl,1264,1285
instruction_two_stage_ep10_20260908_205014,226,3,8.31788158416748,6.818032264709473,0,,"[{""attempt"": 1, ""valid"": true, ""response_chars"": 619}]",reject,"Visual evidence does not support STOP: final_target_visible=False, arrival_evidence=False, missing=[]",[],False,True,[],False,0,5,Leave the bedroom,"[""exit_state_transition_missing""]",False,False,False,,,False,True,,0,insufficient_instance_geometry,,,,,4,1,1.5,0.5235986709594727,1.5000007610452215,False,,/root/My-Experiment/logs/navigation_records/ep10/20260908/instruction_two_stage_ep10_20260908_205014_train_navigation_20260908_205031.jsonl,1322,1341
instruction_two_stage_ep10_20260908_205014,226,4,6.818032264709473,8.784624099731445,1,,"[{""attempt"": 1, ""valid"": false, ""response_chars"": 4025, ""error"": ""JSONDecodeError: Expecting value: line 1 column 1 (char 0)""}, {""attempt"": 2, ""valid"": true, ""response_chars"": 518}]",reject,"Visual evidence does not support STOP: final_target_visible=False, arrival_evidence=False, missing=['doorway to the bedroom']",[],False,True,[],False,0,5,Leave the bedroom,"[""exit_state_transition_missing""]",False,False,False,,,False,True,,0,insufficient_instance_geometry,,,,,4,6,2.0,2.8274333477020264,2.000001817034333,True,0.05205459656480638,/root/My-Experiment/logs/navigation_records/ep10/20260908/instruction_two_stage_ep10_20260908_205014_train_navigation_20260908_205031.jsonl,1378,1398
instruction_two_stage_ep10_20260908_205014,226,5,8.784624099731445,10.487841606140137,0,,"[{""attempt"": 1, ""valid"": true, ""response_chars"": 692}]",reject,"Visual evidence does not support STOP: final_target_visible=False, arrival_evidence=False, missing=[]",[],False,True,[],False,0,5,Leave the bedroom,"[""exit_state_transition_missing""]",False,False,False,,,False,True,,0,insufficient_instance_geometry,,,,,4,0,1.75,6.02138614654541,1.749997814105755,True,0.16187875217316305,/root/My-Experiment/logs/navigation_records/ep10/20260908/instruction_two_stage_ep10_20260908_205014_train_navigation_20260908_205031.jsonl,1435,1455
instruction_two_stage_ep10_20260908_205014,226,6,10.487841606140137,8.24804973602295,1,,"[{""attempt"": 1, ""valid"": false, ""response_chars"": 2674, ""error"": ""JSONDecodeError: Expecting value: line 1 column 1 (char 0)""}, {""attempt"": 2, ""valid"": true, ""response_chars"": 605}]",reject,"Visual evidence does not support STOP: final_target_visible=False, arrival_evidence=False, missing=['doorway to the bedroom']",[],False,True,[],False,0,5,Leave the bedroom,"[""exit_state_transition_missing""]",False,False,False,,,False,True,,0,insufficient_instance_geometry,,,,,4,7,2.25,3.246312379837036,2.2499986064590534,True,0.12347733801875915,/root/My-Experiment/logs/navigation_records/ep10/20260908/instruction_two_stage_ep10_20260908_205014_train_navigation_20260908_205031.jsonl,1492,1512
instruction_two_stage_ep10_20260908_205014,226,7,8.24804973602295,10.085043907165527,0,,"[{""attempt"": 1, ""valid"": true, ""response_chars"": 595}]",allow,Visual evidence supports final target visibility and arrival with confidence 0.95.,[],False,True,[],False,1,5,take a right in the hall,[],False,False,False,10,1.412537395954132,True,True,226:terminal-instance:2,1,new_spatial_track,,,,,4,8,2.0,3.9269907474517822,2.0000000979528045,False,,/root/My-Experiment/logs/navigation_records/ep10/20260908/instruction_two_stage_ep10_20260908_205014_train_navigation_20260908_205031.jsonl,1549,1569
instruction_two_stage_ep10_20260908_205014,226,8,10.085043907165527,8.08517074584961,1,,"[{""attempt"": 1, ""valid"": false, ""response_chars"": 2936, ""error"": ""JSONDecodeError: Expecting value: line 1 column 1 (char 0)""}, {""attempt"": 2, ""valid"": true, ""response_chars"": 781}]",reject,"Visual evidence does not support STOP: final_target_visible=False, arrival_evidence=False, missing=['doorway to the bedroom']",[],False,True,[],False,1,5,take a right in the hall,"[""required_turn_not_reached""]",False,False,False,,,False,True,,0,insufficient_instance_geometry,,,,,4,6,2.0,2.8274333477020264,1.9999989050014038,False,,/root/My-Experiment/logs/navigation_records/ep10/20260908/instruction_two_stage_ep10_20260908_205014_train_navigation_20260908_205031.jsonl,1606,1625
instruction_two_stage_ep10_20260908_205014,226,9,8.08517074584961,6.904796600341797,0,,"[{""attempt"": 1, ""valid"": true, ""response_chars"": 587}]",reject,"Visual evidence does not support STOP: final_target_visible=False, arrival_evidence=False, missing=['doorway to the bedroom']",[],False,True,[],False,1,5,take a right in the hall,"[""required_turn_not_reached""]",False,False,False,,,False,True,,0,insufficient_instance_geometry,,,,,4,1,1.25,0.26179933547973633,1.2499998560899401,False,,/root/My-Experiment/logs/navigation_records/ep10/20260908/instruction_two_stage_ep10_20260908_205014_train_navigation_20260908_205031.jsonl,1662,1687
instruction_two_stage_ep10_20260908_205014,226,10,6.904796600341797,8.796189308166504,1,,"[{""attempt"": 1, ""valid"": false, ""response_chars"": 3175, ""error"": ""JSONDecodeError: Expecting value: line 1 column 1 (char 0)""}, {""attempt"": 2, ""valid"": true, ""response_chars"": 756}]",reject,"Visual evidence does not support STOP: final_target_visible=False, arrival_evidence=False, missing=['doorway to the bedroom']",[],False,True,[],False,2,5,walk straight,[],False,False,False,,,False,True,,0,insufficient_instance_geometry,,,,,4,7,2.0,3.1939523220062256,1.9999999787539229,True,0.13900199759196133,/root/My-Experiment/logs/navigation_records/ep10/20260908/instruction_two_stage_ep10_20260908_205014_train_navigation_20260908_205031.jsonl,1724,1745
instruction_two_stage_ep10_20260908_205014,371,1,,7.804422378540039,0,,"[{""attempt"": 1, ""valid"": true, ""response_chars"": 640}]",uncertain,"Visual evidence has an allow candidate, but conservative STOP allow rules blocked it: before_min_steps:1<3, terminal_relation_evidence_missing:unlocalized_relation.","[""before_min_steps:1<3"", ""terminal_relation_evidence_missing:unlocalized_relation""]",True,False,[],True,0,2,Walk through the dining room and kitchen air to the short flight of stairs,"[""verifier_not_implemented:traverse""]",False,False,False,10,1.1813112497329712,True,True,371:terminal-instance:1,1,new_spatial_track,,,,,4,10,1.5,5.235987663269043,1.500002149937566,True,0.07204434482512848,/root/My-Experiment/logs/navigation_records/ep10/20260908/instruction_two_stage_ep10_20260908_205014_train_navigation_20260908_205031.jsonl,1791,1812
instruction_two_stage_ep10_20260908_205014,371,2,7.804422378540039,6.81700325012207,0,,"[{""attempt"": 1, ""valid"": true, ""response_chars"": 529}]",reject,"Visual evidence has an allow candidate, but conservative STOP allow rules blocked it: terminal_relation_evidence_missing:unlocalized_relation.","[""terminal_relation_evidence_missing:unlocalized_relation""]",True,False,[],True,0,2,Walk through the dining room and kitchen air to the short flight of stairs,"[""verifier_not_implemented:traverse""]",False,False,False,11,2.4118882715702057,True,True,,0,insufficient_instance_geometry,,,,,4,11,1.75,5.707226753234863,1.7499973676247838,True,0.2438589741614179,/root/My-Experiment/logs/navigation_records/ep10/20260908/instruction_two_stage_ep10_20260908_205014_train_navigation_20260908_205031.jsonl,1849,1869
instruction_two_stage_ep10_20260908_205014,371,3,6.81700325012207,8.709724426269531,0,,"[{""attempt"": 1, ""valid"": true, ""response_chars"": 445}]",reject,"Visual evidence has an allow candidate, but conservative STOP allow rules blocked it: terminal_relation_evidence_missing:unlocalized_relation.","[""terminal_relation_evidence_missing:unlocalized_relation""]",True,False,[],True,0,2,Walk through the dining room and kitchen air to the short flight of stairs,"[""verifier_not_implemented:traverse""]",False,False,False,,,False,True,,0,insufficient_instance_geometry,,,,,4,10,2.0,5.235987663269043,2.000000119942844,True,0.1586783549661492,/root/My-Experiment/logs/navigation_records/ep10/20260908/instruction_two_stage_ep10_20260908_205014_train_navigation_20260908_205031.jsonl,1906,1926
instruction_two_stage_ep10_20260908_205014,371,4,8.709724426269531,10.074445724487305,1,,"[{""attempt"": 1, ""valid"": false, ""response_chars"": 3305, ""error"": ""JSONDecodeError: Expecting value: line 1 column 1 (char 0)""}, {""attempt"": 2, ""valid"": true, ""response_chars"": 846}]",reject,"Visual evidence has an allow candidate, but conservative STOP allow rules blocked it: terminal_relation_evidence_missing:unlocalized_relation.","[""terminal_relation_evidence_missing:unlocalized_relation""]",True,False,[],True,0,2,Walk through the dining room and kitchen air to the short flight of stairs,"[""verifier_not_implemented:traverse""]",False,False,False,,,False,True,,0,insufficient_instance_geometry,,,,,4,11,1.5,5.55014705657959,1.5000001253417796,True,0.0639130770374684,/root/My-Experiment/logs/navigation_records/ep10/20260908/instruction_two_stage_ep10_20260908_205014_train_navigation_20260908_205031.jsonl,1963,1983
instruction_two_stage_ep10_20260908_205014,371,5,10.074445724487305,11.647407531738281,0,,"[{""attempt"": 1, ""valid"": true, ""response_chars"": 869}]",uncertain,"Visual evidence has an allow candidate, but conservative STOP allow rules blocked it: terminal_relation_evidence_missing:unlocalized_relation.","[""terminal_relation_evidence_missing:unlocalized_relation""]",True,False,[],True,0,2,Walk through the dining room and kitchen air to the short flight of stairs,"[""verifier_not_implemented:traverse""]",False,False,False,10,1.1493013054132462,True,True,371:terminal-instance:2,1,new_spatial_track,,,,,4,10,1.75,5.183628082275391,1.7500016005288401,True,0.19181271265695884,/root/My-Experiment/logs/navigation_records/ep10/20260908/instruction_two_stage_ep10_20260908_205014_train_navigation_20260908_205031.jsonl,2020,2041
instruction_two_stage_ep10_20260908_205014,371,6,11.647407531738281,10.2278470993042,0,,"[{""attempt"": 1, ""valid"": true, ""response_chars"": 637}]",uncertain,"Visual evidence has an allow candidate, but conservative STOP allow rules blocked it: terminal_relation_evidence_missing:unlocalized_relation.","[""terminal_relation_evidence_missing:unlocalized_relation""]",True,False,[],True,0,2,Walk through the dining room and kitchen air to the short flight of stairs,"[""verifier_not_implemented:traverse""]",False,False,False,1,0.9281940013170242,True,True,371:terminal-instance:2,2,matched_terminal_track,,,,,4,10,1.75,5.183628082275391,1.7500004933863191,True,0.06117967254355661,/root/My-Experiment/logs/navigation_records/ep10/20260908/instruction_two_stage_ep10_20260908_205014_train_navigation_20260908_205031.jsonl,2078,2098
instruction_two_stage_ep10_20260908_205014,371,7,10.2278470993042,8.94023323059082,1,,"[{""attempt"": 1, ""valid"": false, ""response_chars"": 2948, ""error"": ""JSONDecodeError: Expecting value: line 1 column 1 (char 0)""}, {""attempt"": 2, ""valid"": true, ""response_chars"": 808}]",reject,"Visual evidence has an allow candidate, but conservative STOP allow rules blocked it: terminal_relation_evidence_missing:unlocalized_relation.","[""terminal_relation_evidence_missing:unlocalized_relation""]",True,False,[],True,0,2,Walk through the dining room and kitchen air to the short flight of stairs,"[""verifier_not_implemented:traverse""]",False,False,False,1,0.6491062790155411,True,True,,0,insufficient_instance_geometry,,,,,4,0,1.5,5.759586811065674,1.4999995282683594,False,,/root/My-Experiment/logs/navigation_records/ep10/20260908/instruction_two_stage_ep10_20260908_205014_train_navigation_20260908_205031.jsonl,2135,2154
instruction_two_stage_ep10_20260908_205014,371,8,8.94023323059082,8.973945617675781,0,,"[{""attempt"": 1, ""valid"": true, ""response_chars"": 642}]",uncertain,"Visual evidence has an allow candidate, but conservative STOP allow rules blocked it: terminal_relation_evidence_missing:unlocalized_relation.","[""terminal_relation_evidence_missing:unlocalized_relation""]",True,False,[],True,0,2,Walk through the dining room and kitchen air to the short flight of stairs,"[""verifier_not_implemented:traverse""]",False,False,False,11,0.9206031560897827,True,True,371:terminal-instance:3,1,new_spatial_track,,,,,4,1,1.5,0.3665189743041992,0.7804019219797105,True,0.10453428478672816,/root/My-Experiment/logs/navigation_records/ep10/20260908/instruction_two_stage_ep10_20260908_205014_train_navigation_20260908_205031.jsonl,2191,2218
instruction_two_stage_ep10_20260908_205014,371,9,8.973945617675781,9.872903823852539,0,,"[{""attempt"": 1, ""valid"": true, ""response_chars"": 637}]",uncertain,"Visual evidence has an allow candidate, but conservative STOP allow rules blocked it: terminal_relation_evidence_missing:unlocalized_relation.","[""terminal_relation_evidence_missing:unlocalized_relation""]",True,False,[],True,0,2,Walk through the dining room and kitchen air to the short flight of stairs,"[""verifier_not_implemented:traverse""]",False,False,False,1,0.1341435518115759,True,True,371:terminal-instance:3,2,matched_terminal_track,,,,,4,7,2.0,3.1939523220062256,1.9570789394319406,True,0.06304210240842312,/root/My-Experiment/logs/navigation_records/ep10/20260908/instruction_two_stage_ep10_20260908_205014_train_navigation_20260908_205031.jsonl,2255,2275
instruction_two_stage_ep10_20260908_205014,371,10,9.872903823852539,12.150912284851074,0,,"[{""attempt"": 1, ""valid"": true, ""response_chars"": 927}]",uncertain,"Visual evidence has an allow candidate, but conservative STOP allow rules blocked it: terminal_relation_evidence_missing:unlocalized_relation.","[""terminal_relation_evidence_missing:unlocalized_relation""]",True,False,[],True,0,2,Walk through the dining room and kitchen air to the short flight of stairs,"[""verifier_not_implemented:traverse""]",False,False,False,10,0.9758661687374115,True,True,371:terminal-instance:3,3,matched_terminal_track,,,,,4,0,1.5,5.916666507720947,1.4999996438297818,False,,/root/My-Experiment/logs/navigation_records/ep10/20260908/instruction_two_stage_ep10_20260908_205014_train_navigation_20260908_205031.jsonl,2312,2331
instruction_two_stage_ep10_20260908_205014,602,1,,8.530467987060547,1,,"[{""attempt"": 1, ""valid"": false, ""response_chars"": 2794, ""error"": ""JSONDecodeError: Expecting value: line 1 column 1 (char 0)""}, {""attempt"": 2, ""valid"": true, ""response_chars"": 822}]",reject,"Visual evidence does not support STOP: final_target_visible=False, arrival_evidence=False, missing=['doorway']",[],False,True,[],False,0,5,Leave the bathroom,"[""effective_movement_missing""]",False,False,False,,,False,True,,0,insufficient_instance_geometry,,,,,4,6,1.25,2.9845128059387207,1.24999932162875,False,,/root/My-Experiment/logs/navigation_records/ep10/20260908/instruction_two_stage_ep10_20260908_205014_train_navigation_20260908_205031.jsonl,2377,2396
instruction_two_stage_ep10_20260908_205014,602,2,8.530467987060547,7.437750816345215,1,,"[{""attempt"": 1, ""valid"": false, ""response_chars"": 2986, ""error"": ""JSONDecodeError: Expecting value: line 1 column 1 (char 0)""}, {""attempt"": 2, ""valid"": true, ""response_chars"": 900}]",reject,"Visual evidence does not support STOP: final_target_visible=False, arrival_evidence=False, missing=['doorway']",[],False,True,[],False,0,5,Leave the bathroom,"[""exit_state_transition_missing""]",False,False,False,,,False,True,,0,insufficient_instance_geometry,,,,,4,0,1.25,6.02138614654541,1.2500009392461944,False,,/root/My-Experiment/logs/navigation_records/ep10/20260908/instruction_two_stage_ep10_20260908_205014_train_navigation_20260908_205031.jsonl,2434,2453
instruction_two_stage_ep10_20260908_205014,602,3,7.437750816345215,5.2811102867126465,0,,"[{""attempt"": 1, ""valid"": true, ""response_chars"": 690}]",reject,"Visual evidence does not support STOP: final_target_visible=False, arrival_evidence=False, missing=[]",[],False,True,[],False,0,5,Leave the bathroom,"[""exit_state_transition_missing""]",False,False,False,,,False,True,,0,insufficient_instance_geometry,,,,,4,2,2.5,0.7330379486083984,2.493836225977909,True,0.17945419027119042,/root/My-Experiment/logs/navigation_records/ep10/20260908/instruction_two_stage_ep10_20260908_205014_train_navigation_20260908_205031.jsonl,2491,2511
instruction_two_stage_ep10_20260908_205014,602,4,5.2811102867126465,4.450333595275879,0,,"[{""attempt"": 1, ""valid"": true, ""response_chars"": 460}]",reject,"Visual evidence does not support STOP: final_target_visible=False, arrival_evidence=False, missing=[]",[],False,True,[],False,0,5,Leave the bathroom,"[""room_observations_not_comparable""]",False,False,False,,,False,True,,0,insufficient_instance_geometry,,,,,4,2,1.5,0.6283183097839355,1.4999999662006944,False,,/root/My-Experiment/logs/navigation_records/ep10/20260908/instruction_two_stage_ep10_20260908_205014_train_navigation_20260908_205031.jsonl,2549,2568
instruction_two_stage_ep10_20260908_205014,602,5,4.450333595275879,3.2026724815368652,1,,"[{""attempt"": 1, ""valid"": false, ""response_chars"": 2598, ""error"": ""JSONDecodeError: Expecting value: line 1 column 1 (char 0)""}, {""attempt"": 2, ""valid"": true, ""response_chars"": 822}]",reject,"Visual evidence does not support STOP: final_target_visible=False, arrival_evidence=False, missing=['doorway']",[],False,True,[],False,0,5,Leave the bathroom,"[""exit_state_transition_missing""]",False,False,False,,,False,True,,0,insufficient_instance_geometry,,,,,4,3,1.25,1.256636619567871,1.2500003406949014,False,,/root/My-Experiment/logs/navigation_records/ep10/20260908/instruction_two_stage_ep10_20260908_205014_train_navigation_20260908_205031.jsonl,2606,2631
instruction_two_stage_ep10_20260908_205014,602,6,3.2026724815368652,2.3168692588806152,1,,"[{""attempt"": 1, ""valid"": false, ""response_chars"": 3345, ""error"": ""JSONDecodeError: Expecting value: line 1 column 1 (char 0)""}, {""attempt"": 2, ""valid"": true, ""response_chars"": 942}]",reject,"Visual evidence does not support STOP: final_target_visible=False, arrival_evidence=False, missing=['doorway']",[],False,True,[],False,0,5,Leave the bathroom,"[""exit_state_transition_missing""]",False,False,False,,,False,True,,0,insufficient_instance_geometry,,,,,4,1,1.25,0.31415891647338867,1.2499995069888596,True,0.034969747914821325,/root/My-Experiment/logs/navigation_records/ep10/20260908/instruction_two_stage_ep10_20260908_205014_train_navigation_20260908_205031.jsonl,2669,2689
instruction_two_stage_ep10_20260908_205014,602,7,2.3168692588806152,2.1234869956970215,0,,"[{""attempt"": 1, ""valid"": true, ""response_chars"": 494}]",reject,"Visual evidence does not support STOP: final_target_visible=False, arrival_evidence=False, missing=[]",[],False,True,[],False,0,5,Leave the bathroom,"[""exit_state_transition_missing""]",False,False,False,,,False,True,,0,insufficient_instance_geometry,,,,,4,0,1.75,6.02138614654541,1.7499993545272847,False,,/root/My-Experiment/logs/navigation_records/ep10/20260908/instruction_two_stage_ep10_20260908_205014_train_navigation_20260908_205031.jsonl,2727,2747
instruction_two_stage_ep10_20260908_205014,602,8,2.1234869956970215,3.5496654510498047,0,,"[{""attempt"": 1, ""valid"": true, ""response_chars"": 689}]",reject,"Visual evidence does not support STOP: final_target_visible=False, arrival_evidence=False, missing=[]",[],False,True,[],False,0,5,Leave the bathroom,"[""exit_state_transition_missing""]",False,False,False,,,False,True,,0,insufficient_instance_geometry,,,,,4,2,1.5,0.6283183097839355,1.4999990312623195,True,0.0961109677305386,/root/My-Experiment/logs/navigation_records/ep10/20260908/instruction_two_stage_ep10_20260908_205014_train_navigation_20260908_205031.jsonl,2784,2804
instruction_two_stage_ep10_20260908_205014,602,9,3.5496654510498047,4.779603958129883,0,,"[{""attempt"": 1, ""valid"": true, ""response_chars"": 699}]",uncertain,"Visual evidence has an allow candidate, but conservative STOP allow rules blocked it: generic_final_terms:doorway.","[""generic_final_terms:doorway""]",False,True,[],False,0,5,Leave the bathroom,"[""exit_state_transition_missing""]",False,False,False,7,1.772398829460144,True,True,602:terminal-instance:1,1,new_spatial_track,,,,,4,0,1.25,6.2831854820251465,1.2499991927185996,True,0.11808699825896224,/root/My-Experiment/logs/navigation_records/ep10/20260908/instruction_two_stage_ep10_20260908_205014_train_navigation_20260908_205031.jsonl,2841,2861
instruction_two_stage_ep10_20260908_205014,602,10,4.779603958129883,5.825420379638672,1,"JSONDecodeError: Expecting ',' delimiter: line 26 column 6 (char 988)","[{""attempt"": 1, ""valid"": false, ""response_chars"": 2863, ""error"": ""JSONDecodeError: Expecting value: line 1 column 1 (char 0)""}, {""attempt"": 2, ""valid"": false, ""response_chars"": 997, ""error"": ""JSONDecodeError: Expecting ',' delimiter: line 26 column 6 (char 988)""}]",uncertain,Visual evidence is insufficient to verify the STOP proposal.,[],False,True,[],False,1,5,Leave the closet,[],False,False,False,,,False,True,,0,insufficient_instance_geometry,,,,,4,11,1.25,5.4977874755859375,1.2500001000096024,False,,/root/My-Experiment/logs/navigation_records/ep10/20260908/instruction_two_stage_ep10_20260908_205014_train_navigation_20260908_205031.jsonl,2898,2918
instruction_two_stage_ep10_20260908_205014,1092,1,,6.96010160446167,1,,"[{""attempt"": 1, ""valid"": false, ""response_chars"": 2595, ""error"": ""JSONDecodeError: Expecting value: line 1 column 1 (char 0)""}, {""attempt"": 2, ""valid"": true, ""response_chars"": 748}]",reject,"Visual evidence has an allow candidate, but conservative STOP allow rules blocked it: terminal_relation_evidence_missing:unlocalized_relation.","[""terminal_relation_evidence_missing:unlocalized_relation""]",True,False,[],True,0,3,Turn to face black door,"[""predicate_not_satisfied""]",False,False,False,1,0.6353000551462173,True,True,,0,insufficient_instance_geometry,,,,,4,11,2.0,5.393067359924316,2.0085351851904023,True,0.1961235678296429,/root/My-Experiment/logs/navigation_records/ep10/20260908/instruction_two_stage_ep10_20260908_205014_train_navigation_20260908_205031.jsonl,2964,2984
instruction_two_stage_ep10_20260908_205014,1092,2,6.96010160446167,8.732511520385742,0,,"[{""attempt"": 1, ""valid"": true, ""response_chars"": 601}]",reject,"Visual evidence has an allow candidate, but conservative STOP allow rules blocked it: terminal_relation_evidence_missing:unlocalized_relation.","[""terminal_relation_evidence_missing:unlocalized_relation""]",True,False,[],True,0,3,Turn to face black door,"[""predicate_not_satisfied""]",False,False,False,,,False,True,,0,insufficient_instance_geometry,,,,,4,2,2.0,0.7330379486083984,2.0017199134582784,True,0.1258297520135273,/root/My-Experiment/logs/navigation_records/ep10/20260908/instruction_two_stage_ep10_20260908_205014_train_navigation_20260908_205031.jsonl,3021,3041
instruction_two_stage_ep10_20260908_205014,1092,3,8.732511520385742,10.737576484680176,1,,"[{""attempt"": 1, ""valid"": false, ""response_chars"": 3018, ""error"": ""JSONDecodeError: Expecting value: line 1 column 1 (char 0)""}, {""attempt"": 2, ""valid"": true, ""response_chars"": 813}]",uncertain,"Visual evidence has an allow candidate, but conservative STOP allow rules blocked it: terminal_relation_evidence_missing:unlocalized_relation.","[""terminal_relation_evidence_missing:unlocalized_relation""]",True,False,[],True,0,3,Turn to face black door,"[""predicate_not_satisfied""]",False,False,False,10,1.3215472400188446,True,True,1092:terminal-instance:1,1,new_spatial_track,,,,,4,0,2.0,5.916666507720947,1.9999995755517033,True,0.0724665997015318,/root/My-Experiment/logs/navigation_records/ep10/20260908/instruction_two_stage_ep10_20260908_205014_train_navigation_20260908_205031.jsonl,3078,3099
instruction_two_stage_ep10_20260908_205014,1092,4,10.737576484680176,9.823708534240723,1,,"[{""attempt"": 1, ""valid"": false, ""response_chars"": 3146, ""error"": ""JSONDecodeError: Expecting value: line 1 column 1 (char 0)""}, {""attempt"": 2, ""valid"": true, ""response_chars"": 767}]",reject,"Visual evidence has an allow candidate, but conservative STOP allow rules blocked it: terminal_relation_evidence_missing:unlocalized_relation.","[""terminal_relation_evidence_missing:unlocalized_relation""]",True,False,[],True,0,3,Turn to face black door,"[""predicate_not_satisfied""]",False,False,False,10,0.5683780908584595,True,True,,0,insufficient_instance_geometry,,,,,4,5,2.0,2.3038344383239746,1.9708125540304675,False,,/root/My-Experiment/logs/navigation_records/ep10/20260908/instruction_two_stage_ep10_20260908_205014_train_navigation_20260908_205031.jsonl,3136,3155
instruction_two_stage_ep10_20260908_205014,1092,5,9.823708534240723,11.529502868652344,0,,"[{""attempt"": 1, ""valid"": true, ""response_chars"": 424}]",reject,"Visual evidence has an allow candidate, but conservative STOP allow rules blocked it: terminal_relation_evidence_missing:unlocalized_relation.","[""terminal_relation_evidence_missing:unlocalized_relation""]",True,False,[],True,0,3,Turn to face black door,"[""predicate_not_satisfied""]",False,False,False,,,False,True,,0,insufficient_instance_geometry,,,,,4,10,1.75,5.235987663269043,1.7499999967377815,True,0.1217007462150701,/root/My-Experiment/logs/navigation_records/ep10/20260908/instruction_two_stage_ep10_20260908_205014_train_navigation_20260908_205031.jsonl,3192,3212
instruction_two_stage_ep10_20260908_205014,1092,6,11.529502868652344,12.946515083312988,0,,"[{""attempt"": 1, ""valid"": true, ""response_chars"": 529}]",reject,"Visual evidence has an allow candidate, but conservative STOP allow rules blocked it: terminal_relation_evidence_missing:unlocalized_relation.","[""terminal_relation_evidence_missing:unlocalized_relation""]",True,False,[],True,0,3,Turn to face black door,"[""predicate_not_satisfied""]",False,False,False,11,1.4407075345516205,True,True,,0,insufficient_instance_geometry,,,,,4,11,1.5,5.55014705657959,1.5000005831888077,True,0.058301591743244785,/root/My-Experiment/logs/navigation_records/ep10/20260908/instruction_two_stage_ep10_20260908_205014_train_navigation_20260908_205031.jsonl,3249,3269
instruction_two_stage_ep10_20260908_205014,1092,7,12.946515083312988,14.55668830871582,0,,"[{""attempt"": 1, ""valid"": true, ""response_chars"": 424}]",reject,"Visual evidence has an allow candidate, but conservative STOP allow rules blocked it: terminal_relation_evidence_missing:unlocalized_relation.","[""terminal_relation_evidence_missing:unlocalized_relation""]",True,False,[],True,0,3,Turn to face black door,"[""predicate_not_satisfied""]",False,False,False,,,False,True,,0,insufficient_instance_geometry,,,,,4,10,1.75,5.235987663269043,1.750000882458385,True,0.01298348286671197,/root/My-Experiment/logs/navigation_records/ep10/20260908/instruction_two_stage_ep10_20260908_205014_train_navigation_20260908_205031.jsonl,3306,3327
instruction_two_stage_ep10_20260908_205014,1092,8,14.55668830871582,12.983552932739258,1,,"[{""attempt"": 1, ""valid"": false, ""response_chars"": 3050, ""error"": ""JSONDecodeError: Expecting value: line 1 column 1 (char 0)""}, {""attempt"": 2, ""valid"": true, ""response_chars"": 835}]",uncertain,"Visual evidence has an allow candidate, but conservative STOP allow rules blocked it: terminal_relation_evidence_missing:unlocalized_relation.","[""terminal_relation_evidence_missing:unlocalized_relation""]",True,False,[],True,1,3,Walk forward,[],False,False,False,10,1.3426956534385681,True,True,1092:terminal-instance:2,1,new_spatial_track,,,,,4,10,1.75,5.13126802444458,1.7500007524625003,True,0.06447036916206333,/root/My-Experiment/logs/navigation_records/ep10/20260908/instruction_two_stage_ep10_20260908_205014_train_navigation_20260908_205031.jsonl,3364,3384
instruction_two_stage_ep10_20260908_205014,1092,9,12.983552932739258,11.629210472106934,0,,"[{""attempt"": 1, ""valid"": true, ""response_chars"": 701}]",reject,"Visual evidence has an allow candidate, but conservative STOP allow rules blocked it: terminal_relation_evidence_missing:unlocalized_relation.","[""terminal_relation_evidence_missing:unlocalized_relation""]",True,False,[],True,1,3,Walk forward,"[""predicate_not_satisfied""]",False,False,False,,,False,True,,0,insufficient_instance_geometry,,,,,4,0,1.75,5.811946392059326,1.7500003058951052,False,,/root/My-Experiment/logs/navigation_records/ep10/20260908/instruction_two_stage_ep10_20260908_205014_train_navigation_20260908_205031.jsonl,3421,3440
instruction_two_stage_ep10_20260908_205014,1092,10,11.629210472106934,10.433164596557617,0,,"[{""attempt"": 1, ""valid"": true, ""response_chars"": 664}]",reject,"Visual evidence has an allow candidate, but conservative STOP allow rules blocked it: terminal_relation_evidence_missing:unlocalized_relation.","[""terminal_relation_evidence_missing:unlocalized_relation""]",True,False,[],True,1,3,Walk forward,"[""predicate_not_satisfied""]",False,False,False,,,False,True,,0,insufficient_instance_geometry,,,,,4,11,1.25,5.340707778930664,1.2499992310050823,True,0.013020483184906728,/root/My-Experiment/logs/navigation_records/ep10/20260908/instruction_two_stage_ep10_20260908_205014_train_navigation_20260908_205031.jsonl,3477,3498
instruction_two_stage_ep10_20260908_205014,748,1,,14.706872940063477,0,,"[{""attempt"": 1, ""valid"": true, ""response_chars"": 402}]",reject,"Visual evidence does not support STOP: final_target_visible=True, arrival_evidence=False, missing=[]",[],False,True,[],False,0,3,Go toward the house,"[""predicate_not_satisfied""]",False,False,False,6,10.0,False,True,,0,insufficient_instance_geometry,,,,,4,7,2.5,3.1415927410125732,2.5006042533475914,True,0.042795563358624,/root/My-Experiment/logs/navigation_records/ep10/20260908/instruction_two_stage_ep10_20260908_205014_train_navigation_20260908_205031.jsonl,3544,3564
instruction_two_stage_ep10_20260908_205014,748,2,14.706872940063477,12.50790023803711,0,,"[{""attempt"": 1, ""valid"": true, ""response_chars"": 427}]",reject,"Visual evidence does not support STOP: final_target_visible=False, arrival_evidence=False, missing=['dinning room table']",[],False,True,[],False,1,3,Go through the sliding doors,[],False,False,False,,,False,True,,0,insufficient_instance_geometry,,,,,4,1,2.25,0.5235986709594727,2.250005258507151,False,,/root/My-Experiment/logs/navigation_records/ep10/20260908/instruction_two_stage_ep10_20260908_205014_train_navigation_20260908_205031.jsonl,3601,3620
instruction_two_stage_ep10_20260908_205014,748,3,12.50790023803711,12.252565383911133,0,,"[{""attempt"": 1, ""valid"": true, ""response_chars"": 410}]",reject,"Visual evidence does not support STOP: final_target_visible=True, arrival_evidence=False, missing=[]",[],False,True,[],False,1,3,Go through the sliding doors,"[""verifier_not_implemented:cross""]",False,False,False,11,5.977832078933716,False,True,,0,insufficient_instance_geometry,,,,,4,11,2.25,5.340707778930664,2.250050203371953,False,,/root/My-Experiment/logs/navigation_records/ep10/20260908/instruction_two_stage_ep10_20260908_205014_train_navigation_20260908_205031.jsonl,3657,3676
instruction_two_stage_ep10_20260908_205014,748,4,12.252565383911133,14.324050903320312,0,,"[{""attempt"": 1, ""valid"": true, ""response_chars"": 545}]",allow,Visual evidence supports final target visibility and arrival with confidence 0.95.,[],False,True,[],False,1,3,Go through the sliding doors,"[""verifier_not_implemented:cross""]",False,False,False,3,7.97669529914856,False,True,748:terminal-instance:1,1,new_spatial_track,,,,,4,10,2.25,5.026548385620117,2.2509388272902497,True,0.027997204888689675,/root/My-Experiment/logs/navigation_records/ep10/20260908/instruction_two_stage_ep10_20260908_205014_train_navigation_20260908_205031.jsonl,3713,3734
instruction_two_stage_ep10_20260908_205014,748,5,14.324050903320312,15.665884971618652,0,,"[{""attempt"": 1, ""valid"": true, ""response_chars"": 408}]",reject,"Visual evidence does not support STOP: final_target_visible=True, arrival_evidence=False, missing=[]",[],False,True,[],False,1,3,Go through the sliding doors,"[""verifier_not_implemented:cross""]",False,False,False,5,8.089439868927002,False,True,,0,insufficient_instance_geometry,,,,,4,2,2.25,0.8377575874328613,2.249999014911768,True,0.06674501546117378,/root/My-Experiment/logs/navigation_records/ep10/20260908/instruction_two_stage_ep10_20260908_205014_train_navigation_20260908_205031.jsonl,3771,3791
instruction_two_stage_ep10_20260908_205014,748,6,15.665884971618652,16.199190139770508,0,,"[{""attempt"": 1, ""valid"": true, ""response_chars"": 429}]",reject,"Visual evidence does not support STOP: final_target_visible=True, arrival_evidence=False, missing=[]",[],False,True,[],False,1,3,Go through the sliding doors,"[""verifier_not_implemented:cross""]",False,False,False,3,5.238021612167358,False,True,,0,insufficient_instance_geometry,,,,,4,2,2.5,0.8377575874328613,2.5005101640470944,True,0.058609300503282474,/root/My-Experiment/logs/navigation_records/ep10/20260908/instruction_two_stage_ep10_20260908_205014_train_navigation_20260908_205031.jsonl,3828,3848
instruction_two_stage_ep10_20260908_205014,748,7,16.199190139770508,15.64931869506836,0,,"[{""attempt"": 1, ""valid"": true, ""response_chars"": 418}]",reject,"Visual evidence does not support STOP: final_target_visible=True, arrival_evidence=False, missing=[]",[],False,True,[],False,1,3,Go through the sliding doors,"[""verifier_not_implemented:cross""]",False,False,False,3,4.50466126203537,False,True,,0,insufficient_instance_geometry,,,,,4,2,2.0,0.8377575874328613,2.0006510123278587,True,0.0027238885298885296,/root/My-Experiment/logs/navigation_records/ep10/20260908/instruction_two_stage_ep10_20260908_205014_train_navigation_20260908_205031.jsonl,3885,3906
instruction_two_stage_ep10_20260908_205014,748,8,15.64931869506836,13.481980323791504,0,,"[{""attempt"": 1, ""valid"": true, ""response_chars"": 598}]",reject,"Visual evidence does not support STOP: final_target_visible=False, arrival_evidence=False, missing=['dinning room table']",[],False,True,[],False,1,3,Go through the sliding doors,"[""verifier_not_implemented:cross""]",False,False,False,,,False,True,,0,insufficient_instance_geometry,,,,,4,4,2.25,1.675516128540039,2.2522952578075905,True,0.10885575948192747,/root/My-Experiment/logs/navigation_records/ep10/20260908/instruction_two_stage_ep10_20260908_205014_train_navigation_20260908_205031.jsonl,3943,3963
instruction_two_stage_ep10_20260908_205014,748,9,13.481980323791504,13.344032287597656,0,,"[{""attempt"": 1, ""valid"": true, ""response_chars"": 397}]",reject,"Visual evidence does not support STOP: final_target_visible=False, arrival_evidence=False, missing=['dinning room table']",[],False,True,[],False,1,3,Go through the sliding doors,"[""verifier_not_implemented:cross""]",False,False,False,,,False,True,,0,insufficient_instance_geometry,,,,,4,2,2.25,0.8377575874328613,2.2500017131582424,True,0.03934221441328445,/root/My-Experiment/logs/navigation_records/ep10/20260908/instruction_two_stage_ep10_20260908_205014_train_navigation_20260908_205031.jsonl,4000,4020
instruction_two_stage_ep10_20260908_205014,748,10,13.344032287597656,14.105169296264648,0,,"[{""attempt"": 1, ""valid"": true, ""response_chars"": 408}]",reject,"Visual evidence does not support STOP: final_target_visible=True, arrival_evidence=False, missing=[]",[],False,True,[],False,1,3,Go through the sliding doors,"[""verifier_not_implemented:cross""]",False,False,False,8,9.024466276168823,False,True,,0,insufficient_instance_geometry,,,,,4,0,2.25,6.02138614654541,2.2521334654823058,True,0.034514310328594616,/root/My-Experiment/logs/navigation_records/ep10/20260908/instruction_two_stage_ep10_20260908_205014_train_navigation_20260908_205031.jsonl,4057,4078
instruction_two_stage_ep10_20260908_205014,116,1,,4.53117561340332,0,,"[{""attempt"": 1, ""valid"": true, ""response_chars"": 579}]",reject,"Visual evidence does not support STOP: final_target_visible=False, arrival_evidence=False, missing=['tub and sink']",[],False,True,[],False,0,4,Walk forward,"[""predicate_not_satisfied""]",False,False,False,,,False,True,,0,insufficient_instance_geometry,,,,,4,8,1.25,3.9793508052825928,1.2499998132716288,True,0.12998967249856774,/root/My-Experiment/logs/navigation_records/ep10/20260908/instruction_two_stage_ep10_20260908_205014_train_navigation_20260908_205031.jsonl,4124,4144
instruction_two_stage_ep10_20260908_205014,116,2,4.53117561340332,3.2261033058166504,0,,"[{""attempt"": 1, ""valid"": true, ""response_chars"": 432}]",reject,"Visual evidence does not support STOP: final_target_visible=False, arrival_evidence=False, missing=['tub and sink']",[],False,True,[],False,0,4,Walk forward,"[""predicate_not_satisfied""]",False,False,False,,,False,True,,0,insufficient_instance_geometry,,,,,4,10,1.5,5.235987663269043,1.5000045845149401,False,,/root/My-Experiment/logs/navigation_records/ep10/20260908/instruction_two_stage_ep10_20260908_205014_train_navigation_20260908_205031.jsonl,4181,4200
instruction_two_stage_ep10_20260908_205014,116,3,3.2261033058166504,3.8836896419525146,1,,"[{""attempt"": 1, ""valid"": false, ""response_chars"": 2649, ""error"": ""JSONDecodeError: Expecting value: line 1 column 1 (char 0)""}, {""attempt"": 2, ""valid"": true, ""response_chars"": 568}]",reject,"Visual evidence does not support STOP: final_target_visible=False, arrival_evidence=False, missing=['tub and sink']",[],False,True,[],False,0,4,Walk forward,"[""predicate_not_satisfied""]",False,False,False,,,False,True,,0,insufficient_instance_geometry,,,,,4,0,1.75,5.9690260887146,1.7499981583549955,True,0.14780447435466948,/root/My-Experiment/logs/navigation_records/ep10/20260908/instruction_two_stage_ep10_20260908_205014_train_navigation_20260908_205031.jsonl,4237,4263
instruction_two_stage_ep10_20260908_205014,116,4,3.8836896419525146,5.087611198425293,0,,"[{""attempt"": 1, ""valid"": true, ""response_chars"": 547}]",reject,"Visual evidence does not support STOP: final_target_visible=False, arrival_evidence=False, missing=[]",[],False,True,[],False,0,4,Walk forward,"[""predicate_not_satisfied""]",False,False,False,,,False,True,,0,insufficient_instance_geometry,,,,,4,1,1.5,0.10471916198730469,1.5000045117551868,False,,/root/My-Experiment/logs/navigation_records/ep10/20260908/instruction_two_stage_ep10_20260908_205014_train_navigation_20260908_205031.jsonl,4300,4319
instruction_two_stage_ep10_20260908_205014,116,5,5.087611198425293,3.4701108932495117,0,,"[{""attempt"": 1, ""valid"": true, ""response_chars"": 572}]",reject,"Visual evidence does not support STOP: final_target_visible=False, arrival_evidence=False, missing=['tub and sink']",[],False,True,[],False,0,4,Walk forward,"[""predicate_not_satisfied""]",False,False,False,,,False,True,,0,insufficient_instance_geometry,,,,,4,7,2.25,3.1415927410125732,2.25000676763278,True,0.14753188263571215,/root/My-Experiment/logs/navigation_records/ep10/20260908/instruction_two_stage_ep10_20260908_205014_train_navigation_20260908_205031.jsonl,4356,4376
instruction_two_stage_ep10_20260908_205014,116,6,3.4701108932495117,3.4507124423980713,1,,"[{""attempt"": 1, ""valid"": false, ""response_chars"": 2604, ""error"": ""JSONDecodeError: Expecting value: line 1 column 1 (char 0)""}, {""attempt"": 2, ""valid"": true, ""response_chars"": 640}]",reject,"Visual evidence does not support STOP: final_target_visible=False, arrival_evidence=False, missing=['tub and sink']",[],False,True,[],False,0,4,Walk forward,"[""predicate_not_satisfied""]",False,False,False,1,0.6171026080846786,True,True,,0,insufficient_instance_geometry,,,,,4,0,1.5,6.0737457275390625,1.4999949076604897,True,0.03983458174049004,/root/My-Experiment/logs/navigation_records/ep10/20260908/instruction_two_stage_ep10_20260908_205014_train_navigation_20260908_205031.jsonl,4413,4433
instruction_two_stage_ep10_20260908_205014,116,7,3.4507124423980713,3.1352078914642334,0,,"[{""attempt"": 1, ""valid"": true, ""response_chars"": 572}]",reject,"Visual evidence does not support STOP: final_target_visible=False, arrival_evidence=False, missing=['tub and sink']",[],False,True,[],False,0,4,Walk forward,"[""predicate_not_satisfied""]",False,False,False,,,False,True,,0,insufficient_instance_geometry,,,,,4,7,1.5,3.4033920764923096,1.5000014049118804,False,,/root/My-Experiment/logs/navigation_records/ep10/20260908/instruction_two_stage_ep10_20260908_205014_train_navigation_20260908_205031.jsonl,4470,4490
instruction_two_stage_ep10_20260908_205014,116,8,3.1352078914642334,4.406012058258057,0,,"[{""attempt"": 1, ""valid"": true, ""response_chars"": 572}]",reject,"Visual evidence does not support STOP: final_target_visible=False, arrival_evidence=False, missing=['tub and sink']",[],False,True,[],False,0,4,Walk forward,"[""predicate_not_satisfied""]",False,False,False,,,False,True,,0,insufficient_instance_geometry,,,,,4,0,1.5,6.02138614654541,1.49999485820045,True,0.1561945393319564,/root/My-Experiment/logs/navigation_records/ep10/20260908/instruction_two_stage_ep10_20260908_205014_train_navigation_20260908_205031.jsonl,4527,4547
instruction_two_stage_ep10_20260908_205014,116,9,4.406012058258057,4.303544044494629,1,,"[{""attempt"": 1, ""valid"": false, ""response_chars"": 2604, ""error"": ""JSONDecodeError: Expecting value: line 1 column 1 (char 0)""}, {""attempt"": 2, ""valid"": true, ""response_chars"": 668}]",reject,"Visual evidence does not support STOP: final_target_visible=False, arrival_evidence=False, missing=['tub and sink']",[],False,True,[],False,0,4,Walk forward,"[""predicate_not_satisfied""]",False,False,False,1,1.7740517854690552,True,True,,0,insufficient_instance_geometry,,,,,4,4,2.25,1.675516128540039,0.6737173038490194,True,0.10005522945037076,/root/My-Experiment/logs/navigation_records/ep10/20260908/instruction_two_stage_ep10_20260908_205014_train_navigation_20260908_205031.jsonl,4584,4604
instruction_two_stage_ep10_20260908_205014,116,10,4.303544044494629,2.601768970489502,0,,"[{""attempt"": 1, ""valid"": true, ""response_chars"": 602}]",reject,"Visual evidence does not support STOP: final_target_visible=False, arrival_evidence=False, missing=['tub and sink']",[],False,True,[],False,0,4,Walk forward,"[""predicate_not_satisfied""]",False,False,False,,,False,True,,0,insufficient_instance_geometry,,,,,4,3,1.75,1.3089966773986816,1.6914202554746143,True,0.1025368965782425,/root/My-Experiment/logs/navigation_records/ep10/20260908/instruction_two_stage_ep10_20260908_205014_train_navigation_20260908_205031.jsonl,4641,4662
instruction_two_stage_ep10_20260908_205014,513,1,,6.092674255371094,1,,"[{""attempt"": 1, ""valid"": false, ""response_chars"": 3456, ""error"": ""JSONDecodeError: Expecting value: line 1 column 1 (char 0)""}, {""attempt"": 2, ""valid"": true, ""response_chars"": 834}]",reject,"Visual evidence has an allow candidate, but conservative STOP allow rules blocked it: terminal_relation_evidence_missing:unlocalized_relation.","[""terminal_relation_evidence_missing:unlocalized_relation""]",True,False,[],False,0,1,Go into the living area with the fireplace,"[""effective_movement_missing""]",False,False,False,,,False,True,,0,insufficient_instance_geometry,,,,,4,5,1.75,2.251474380493164,1.7499996546682708,True,0.005428618610982816,/root/My-Experiment/logs/navigation_records/ep10/20260908/instruction_two_stage_ep10_20260908_205014_train_navigation_20260908_205031.jsonl,4708,4728
instruction_two_stage_ep10_20260908_205014,513,2,6.092674255371094,4.735865116119385,0,,"[{""attempt"": 1, ""valid"": true, ""response_chars"": 631}]",reject,"Visual evidence has an allow candidate, but conservative STOP allow rules blocked it: terminal_relation_evidence_missing:two white sofas,entrance to the dining room.","[""terminal_relation_evidence_missing:two white sofas,entrance to the dining room""]",True,False,"[""two white sofas"", ""entrance to the dining room""]",False,0,1,Go into the living area with the fireplace,"[""enter_state_transition_missing""]",False,False,False,,,False,True,,0,insufficient_instance_geometry,,,,,4,2,2.0,0.8377575874328613,1.9999995217110356,True,0.12718073648665698,/root/My-Experiment/logs/navigation_records/ep10/20260908/instruction_two_stage_ep10_20260908_205014_train_navigation_20260908_205031.jsonl,4765,4785
instruction_two_stage_ep10_20260908_205014,513,3,4.735865116119385,4.231027603149414,0,,"[{""attempt"": 1, ""valid"": true, ""response_chars"": 529}]",allow,Visual evidence supports final target visibility and arrival with confidence 0.90.,[],True,True,[],False,0,1,Go into the living area with the fireplace,"[""room_observations_not_comparable""]",False,False,False,2,5.308038592338562,False,True,513:terminal-instance:1,1,new_spatial_track,,,,,4,2,2.0,0.7330379486083984,2.0000000332735364,True,0.07127090301248828,/root/My-Experiment/logs/navigation_records/ep10/20260908/instruction_two_stage_ep10_20260908_205014_train_navigation_20260908_205031.jsonl,4822,4844
instruction_two_stage_ep10_20260908_205014,513,4,4.231027603149414,3.880890130996704,0,,"[{""attempt"": 1, ""valid"": true, ""response_chars"": 534}]",allow,Visual evidence supports final target visibility and arrival with confidence 0.90.,[],True,True,[],False,1,1,,[],True,False,False,3,4.891080260276794,False,True,513:terminal-instance:2,1,new_spatial_track,reject,False,0,,4,2,1.75,0.6806783676147461,1.7500000830868379,False,,/root/My-Experiment/logs/navigation_records/ep10/20260908/instruction_two_stage_ep10_20260908_205014_train_navigation_20260908_205031.jsonl,4881,4919
instruction_two_stage_ep10_20260908_205014,513,5,3.880890130996704,4.604579925537109,0,,"[{""attempt"": 1, ""valid"": true, ""response_chars"": 547}]",allow,Visual evidence supports final target visibility and arrival with confidence 0.90.,[],True,True,[],False,1,1,,[],True,False,False,3,4.39210057258606,False,True,513:terminal-instance:2,2,matched_terminal_track,reject,False,0,,4,0,1.75,5.864306449890137,1.75000025114441,True,0.034214639225558896,/root/My-Experiment/logs/navigation_records/ep10/20260908/instruction_two_stage_ep10_20260908_205014_train_navigation_20260908_205031.jsonl,4956,4995
instruction_two_stage_ep10_20260908_205014,513,6,4.604579925537109,4.354680061340332,1,,"[{""attempt"": 1, ""valid"": false, ""response_chars"": 2767, ""error"": ""JSONDecodeError: Expecting value: line 1 column 1 (char 0)""}, {""attempt"": 2, ""valid"": true, ""response_chars"": 767}]",allow,Visual evidence supports final target visibility and arrival with confidence 0.90.,[],True,True,[],False,1,1,,[],True,False,False,1,1.2823216617107391,True,True,513:terminal-instance:3,1,new_spatial_track,reject,True,1,1.75,4,5,0.25,2.1991147994995117,0.24999998736984677,False,,/root/My-Experiment/logs/navigation_records/ep10/20260908/instruction_two_stage_ep10_20260908_205014_train_navigation_20260908_205031.jsonl,5032,5073
instruction_two_stage_ep10_20260908_205014,513,7,4.354680061340332,4.230220317840576,0,,"[{""attempt"": 1, ""valid"": true, ""response_chars"": 649}]",allow,Visual evidence supports final target visibility and arrival with confidence 0.95.,[],True,True,[],False,1,1,,[],True,False,False,2,7.48723030090332,False,True,513:terminal-instance:4,1,new_spatial_track,reject,False,1,,4,2,2.0,1.0471973419189453,1.9999997741320976,True,0.12619685867879638,/root/My-Experiment/logs/navigation_records/ep10/20260908/instruction_two_stage_ep10_20260908_205014_train_navigation_20260908_205031.jsonl,5110,5149
instruction_two_stage_ep10_20260908_205014,513,8,4.230220317840576,3.8428869247436523,0,,"[{""attempt"": 1, ""valid"": true, ""response_chars"": 648}]",allow,Visual evidence supports final target visibility and arrival with confidence 0.90.,[],True,True,[],False,1,1,,[],True,False,False,7,2.3048707842826843,True,True,513:terminal-instance:5,1,new_spatial_track,reject,True,2,2.0,4,7,0.25,3.1415927410125732,0.24999995815016623,False,,/root/My-Experiment/logs/navigation_records/ep10/20260908/instruction_two_stage_ep10_20260908_205014_train_navigation_20260908_205031.jsonl,5186,5226
instruction_two_stage_ep10_20260908_205014,513,9,3.8428869247436523,4.994235038757324,0,,"[{""attempt"": 1, ""valid"": true, ""response_chars"": 526}]",allow,Visual evidence supports final target visibility and arrival with confidence 0.90.,[],True,True,[],False,1,1,,[],True,False,False,3,4.117856919765472,False,True,513:terminal-instance:5,2,matched_terminal_track,reject,False,2,,4,0,2.25,6.0737457275390625,2.249999982496882,True,0.05818512786381752,/root/My-Experiment/logs/navigation_records/ep10/20260908/instruction_two_stage_ep10_20260908_205014_train_navigation_20260908_205031.jsonl,5263,5303
instruction_two_stage_ep10_20260908_205014,513,10,4.994235038757324,3.9077072143554688,0,,"[{""attempt"": 1, ""valid"": true, ""response_chars"": 659}]",allow,Visual evidence supports final target visibility and arrival with confidence 0.95.,[],True,True,[],False,1,1,,[],True,False,False,6,9.031267166137695,False,True,513:terminal-instance:6,1,new_spatial_track,reject,False,2,,4,7,2.0,3.1415927410125732,2.000000036381436,True,0.04868304922705419,/root/My-Experiment/logs/navigation_records/ep10/20260908/instruction_two_stage_ep10_20260908_205014_train_navigation_20260908_205031.jsonl,5340,5379
instruction_two_stage_ep10_20260908_205014,11,1,,8.823760986328125,0,,"[{""attempt"": 1, ""valid"": true, ""response_chars"": 525}]",reject,"Visual evidence does not support STOP: final_target_visible=True, arrival_evidence=False, missing=[]",[],False,True,[],False,0,1,Walk across the floor,"[""predicate_not_satisfied""]",False,False,False,5,2.7410441637039185,True,False,,0,insufficient_instance_geometry,,,,,4,2,2.25,0.5759587287902832,2.2499961067335756,True,0.056076580872769205,/root/My-Experiment/logs/navigation_records/ep10/20260908/instruction_two_stage_ep10_20260908_205014_train_navigation_20260908_205031.jsonl,5425,5445
instruction_two_stage_ep10_20260908_205014,11,2,8.823760986328125,8.740385055541992,0,,"[{""attempt"": 1, ""valid"": true, ""response_chars"": 559}]",reject,"Visual evidence does not support STOP: final_target_visible=False, arrival_evidence=False, missing=[]",[],False,True,[],False,1,1,,[],True,False,False,,,False,False,,0,insufficient_instance_geometry,reject,False,0,,4,8,2.25,3.9269907474517822,2.2412354119467763,False,,/root/My-Experiment/logs/navigation_records/ep10/20260908/instruction_two_stage_ep10_20260908_205014_train_navigation_20260908_205031.jsonl,5483,5521
instruction_two_stage_ep10_20260908_205014,11,3,8.740385055541992,8.490775108337402,0,,"[{""attempt"": 1, ""valid"": true, ""response_chars"": 469}]",uncertain,"Visual evidence has an allow candidate, but conservative STOP allow rules blocked it: generic_final_terms:archway.","[""generic_final_terms:archway""]",False,True,[],False,1,1,,[],True,False,False,1,2.7140846848487854,True,False,11:terminal-instance:1,1,new_spatial_track,reject,True,1,2.0,4,9,0.25,4.450589656829834,0.24999997417944408,True,0.02037520832818762,/root/My-Experiment/logs/navigation_records/ep10/20260908/instruction_two_stage_ep10_20260908_205014_train_navigation_20260908_205031.jsonl,5558,5601
instruction_two_stage_ep10_20260908_205014,11,4,8.490775108337402,6.58225679397583,0,,"[{""attempt"": 1, ""valid"": true, ""response_chars"": 500}]",reject,"Visual evidence does not support STOP: final_target_visible=True, arrival_evidence=False, missing=[]",[],False,True,[],False,1,1,,[],True,False,False,1,1.5985159873962405,True,False,,0,insufficient_instance_geometry,reject,False,1,,4,0,2.0,6.0737457275390625,2.0000016433762156,False,,/root/My-Experiment/logs/navigation_records/ep10/20260908/instruction_two_stage_ep10_20260908_205014_train_navigation_20260908_205031.jsonl,5638,5676
instruction_two_stage_ep10_20260908_205014,11,5,6.58225679397583,4.3855977058410645,0,,"[{""attempt"": 1, ""valid"": true, ""response_chars"": 418}]",reject,"Visual evidence does not support STOP: final_target_visible=True, arrival_evidence=False, missing=[]",[],False,True,[],False,1,1,,[],True,False,False,1,2.9653337001800537,True,True,,0,insufficient_instance_geometry,,,,,4,1,2.25,0.5235986709594727,2.2499981717362414,False,,/root/My-Experiment/logs/navigation_records/ep10/20260908/instruction_two_stage_ep10_20260908_205014_train_navigation_20260908_205031.jsonl,5713,5732
instruction_two_stage_ep10_20260908_205014,11,6,4.3855977058410645,2.2806613445281982,0,,"[{""attempt"": 1, ""valid"": true, ""response_chars"": 542}]",reject,"Visual evidence does not support STOP: final_target_visible=False, arrival_evidence=False, missing=[]",[],False,True,[],False,1,1,,[],True,False,False,,,False,True,,0,insufficient_instance_geometry,,,,,4,0,2.25,5.759586811065674,2.2499966725129474,True,0.09730179419523433,/root/My-Experiment/logs/navigation_records/ep10/20260908/instruction_two_stage_ep10_20260908_205014_train_navigation_20260908_205031.jsonl,5770,5790
instruction_two_stage_ep10_20260908_205014,11,7,2.2806613445281982,0.2911373972892761,1,,"[{""attempt"": 1, ""valid"": false, ""response_chars"": 2768, ""error"": ""JSONDecodeError: Expecting value: line 1 column 1 (char 0)""}, {""attempt"": 2, ""valid"": true, ""response_chars"": 601}]",reject,"Visual evidence does not support STOP: final_target_visible=False, arrival_evidence=False, missing=[]",[],False,True,[],False,1,1,,[],True,False,False,,,False,True,,0,insufficient_instance_geometry,reject,False,1,,4,1,2.0,0.4712386131286621,1.999999168303302,True,0.046819359985913106,/root/My-Experiment/logs/navigation_records/ep10/20260908/instruction_two_stage_ep10_20260908_205014_train_navigation_20260908_205031.jsonl,5828,5868
instruction_two_stage_ep10_20260908_205014,11,8,0.2911373972892761,1.519003987312317,0,,"[{""attempt"": 1, ""valid"": true, ""response_chars"": 534}]",reject,"Visual evidence does not support STOP: final_target_visible=True, arrival_evidence=False, missing=[]",[],False,True,[],False,1,1,,[],True,False,False,5,2.0252462923526764,True,True,,0,insufficient_instance_geometry,,,,,4,0,1.75,5.9690260887146,1.749999515608862,True,0.08045434778988642,/root/My-Experiment/logs/navigation_records/ep10/20260908/instruction_two_stage_ep10_20260908_205014_train_navigation_20260908_205031.jsonl,5905,5925
instruction_two_stage_ep10_20260908_205014,11,9,1.519003987312317,3.691281795501709,0,,"[{""attempt"": 1, ""valid"": true, ""response_chars"": 434}]",reject,"Visual evidence does not support STOP: final_target_visible=True, arrival_evidence=False, missing=[]",[],False,True,[],False,1,1,,[],True,False,False,1,2.726212739944458,True,True,,0,insufficient_instance_geometry,,,,,4,0,2.25,5.759586811065674,2.2500004590744913,True,0.11227407518699623,/root/My-Experiment/logs/navigation_records/ep10/20260908/instruction_two_stage_ep10_20260908_205014_train_navigation_20260908_205031.jsonl,5962,5982
instruction_two_stage_ep10_20260908_205014,11,10,3.691281795501709,2.246851921081543,0,,"[{""attempt"": 1, ""valid"": true, ""response_chars"": 545}]",reject,"Visual evidence does not support STOP: final_target_visible=False, arrival_evidence=False, missing=[]",[],False,True,[],False,1,1,,[],True,False,False,,,False,True,,0,insufficient_instance_geometry,,,,,4,6,2.5,2.670353412628174,2.5000004295817098,True,0.10273575937950336,/root/My-Experiment/logs/navigation_records/ep10/20260908/instruction_two_stage_ep10_20260908_205014_train_navigation_20260908_205031.jsonl,6019,6040
